arm,coverage,n_conditions,false_assurance_rate,unsafe_escape_rate,abstention_rate,verified_recall
A_STATUS_ONLY,1.00,26,0.923077,1.000000,0.000000,1.000000
A_STATUS_ONLY,0.90,182,0.923077,1.000000,0.000000,1.000000
A_STATUS_ONLY,0.80,182,0.923077,1.000000,0.000000,1.000000
A_STATUS_ONLY,0.60,182,0.923077,1.000000,0.000000,1.000000
A_STATUS_ONLY,0.40,182,0.923077,1.000000,0.000000,1.000000
B_TARGET_STATE,1.00,26,0.909091,0.818182,0.000000,1.000000
B_TARGET_STATE,0.90,182,0.944954,0.577922,0.016484,0.428571
B_TARGET_STATE,0.80,182,0.950495,0.551948,0.065934,0.357143
B_TARGET_STATE,0.60,182,0.928571,0.422078,0.131868,0.428571
B_TARGET_STATE,0.40,182,0.904762,0.344156,0.241758,0.428571
C_SCOPE_UNAWARE_INDEPENDENT,1.00,26,0.000000,0.000000,0.000000,1.000000
C_SCOPE_UNAWARE_INDEPENDENT,0.90,182,0.831169,0.350649,0.016484,0.928571
C_SCOPE_UNAWARE_INDEPENDENT,0.80,182,0.840000,0.344156,0.065934,0.857143
C_SCOPE_UNAWARE_INDEPENDENT,0.60,182,0.796875,0.266234,0.120879,0.928571
C_SCOPE_UNAWARE_INDEPENDENT,0.40,182,0.803922,0.227273,0.236264,0.714286
D_SCOPE_AWARE_FAIL_CLOSED,1.00,26,0.000000,0.000000,0.000000,1.000000
D_SCOPE_AWARE_FAIL_CLOSED,0.90,182,0.785714,0.071429,0.576923,0.214286
D_SCOPE_AWARE_FAIL_CLOSED,0.80,182,0.857143,0.038961,0.664835,0.071429
D_SCOPE_AWARE_FAIL_CLOSED,0.60,182,1.000000,0.012987,0.769231,0.000000
D_SCOPE_AWARE_FAIL_CLOSED,0.40,182,,0.000000,0.857143,0.000000
E_ACTIVE_EVIDENCE,1.00,26,0.000000,0.000000,0.000000,1.000000
E_ACTIVE_EVIDENCE,0.90,182,0.523810,0.071429,0.208791,0.714286
E_ACTIVE_EVIDENCE,0.80,182,0.428571,0.038961,0.280220,0.571429
E_ACTIVE_EVIDENCE,0.60,182,0.333333,0.012987,0.461538,0.285714
E_ACTIVE_EVIDENCE,0.40,182,0.000000,0.000000,0.521978,0.142857
