fixture_id,family,fact_id,evidence_type,decides,collector_id,gap_class,completeness_claimed,covered,status,registry_view,hive,user_scope,path_root,provider
fx-7af4297781e54e73,MACHINE_WIDE_64BIT,arp_version,PACKAGE_INVENTORY,VULNERABILITY,A_UNINSTALL_REGISTRY,NONE,1,1,PREDICTED_FROM_CONTRACTS,Registry64,HKLM,machine,,arp_machine
fx-7af4297781e54e73,MACHINE_WIDE_64BIT,arp_version,PACKAGE_INVENTORY,VULNERABILITY,B_EXPANDED_REGISTRY,NONE,0,1,PREDICTED_FROM_CONTRACTS,Registry64,HKLM,machine,,arp_machine
fx-7af4297781e54e73,MACHINE_WIDE_64BIT,arp_version,PACKAGE_INVENTORY,VULNERABILITY,C_PACKAGE_PROVIDER,NONE,1,1,PREDICTED_FROM_CONTRACTS,Registry64,HKLM,machine,,arp_machine
fx-7af4297781e54e73,MACHINE_WIDE_64BIT,arp_version,PACKAGE_INVENTORY,VULNERABILITY,D_FILE_VERSION,DECLARED_GAP,0,0,PREDICTED_FROM_CONTRACTS,Registry64,HKLM,machine,,arp_machine
fx-7af4297781e54e73,MACHINE_WIDE_64BIT,arp_version,PACKAGE_INVENTORY,VULNERABILITY,E_SERVICE_TASK,DECLARED_GAP,0,0,PREDICTED_FROM_CONTRACTS,Registry64,HKLM,machine,,arp_machine
fx-7af4297781e54e73,MACHINE_WIDE_64BIT,arp_version,PACKAGE_INVENTORY,VULNERABILITY,F_COMPOSITE_ACTIVE,NONE,0,1,PREDICTED_FROM_CONTRACTS,Registry64,HKLM,machine,,arp_machine
fx-7af4297781e54e73,MACHINE_WIDE_64BIT,arp_version,PACKAGE_INVENTORY,VULNERABILITY,X_INTUNE_EXPORT,NONE,1,1,PREDICTED_FROM_CONTRACTS,Registry64,HKLM,machine,,arp_machine
fx-7af4297781e54e73,MACHINE_WIDE_64BIT,arp_version,PACKAGE_INVENTORY,VULNERABILITY,X_DEFENDER_EXPORT,NONE,1,1,PREDICTED_FROM_CONTRACTS,Registry64,HKLM,machine,,arp_machine
fx-7af4297781e54e73,MACHINE_WIDE_64BIT,arp_version,PACKAGE_INVENTORY,VULNERABILITY,X_TENABLE_EXPORT,NONE,1,1,PREDICTED_FROM_CONTRACTS,Registry64,HKLM,machine,,arp_machine
fx-7af4297781e54e73,MACHINE_WIDE_64BIT,arp_version,PACKAGE_INVENTORY,VULNERABILITY,X_SCCM_EXPORT,NONE,1,1,PREDICTED_FROM_CONTRACTS,Registry64,HKLM,machine,,arp_machine
fx-4e4bfc84f6513bea,MACHINE_WIDE_64BIT,arp_version,PACKAGE_INVENTORY,VULNERABILITY,A_UNINSTALL_REGISTRY,NONE,1,1,PREDICTED_FROM_CONTRACTS,Registry64,HKLM,machine,,arp_machine
fx-4e4bfc84f6513bea,MACHINE_WIDE_64BIT,arp_version,PACKAGE_INVENTORY,VULNERABILITY,B_EXPANDED_REGISTRY,NONE,0,1,PREDICTED_FROM_CONTRACTS,Registry64,HKLM,machine,,arp_machine
fx-4e4bfc84f6513bea,MACHINE_WIDE_64BIT,arp_version,PACKAGE_INVENTORY,VULNERABILITY,C_PACKAGE_PROVIDER,NONE,1,1,PREDICTED_FROM_CONTRACTS,Registry64,HKLM,machine,,arp_machine
fx-4e4bfc84f6513bea,MACHINE_WIDE_64BIT,arp_version,PACKAGE_INVENTORY,VULNERABILITY,D_FILE_VERSION,DECLARED_GAP,0,0,PREDICTED_FROM_CONTRACTS,Registry64,HKLM,machine,,arp_machine
fx-4e4bfc84f6513bea,MACHINE_WIDE_64BIT,arp_version,PACKAGE_INVENTORY,VULNERABILITY,E_SERVICE_TASK,DECLARED_GAP,0,0,PREDICTED_FROM_CONTRACTS,Registry64,HKLM,machine,,arp_machine
fx-4e4bfc84f6513bea,MACHINE_WIDE_64BIT,arp_version,PACKAGE_INVENTORY,VULNERABILITY,F_COMPOSITE_ACTIVE,NONE,0,1,PREDICTED_FROM_CONTRACTS,Registry64,HKLM,machine,,arp_machine
fx-4e4bfc84f6513bea,MACHINE_WIDE_64BIT,arp_version,PACKAGE_INVENTORY,VULNERABILITY,X_INTUNE_EXPORT,NONE,1,1,PREDICTED_FROM_CONTRACTS,Registry64,HKLM,machine,,arp_machine
fx-4e4bfc84f6513bea,MACHINE_WIDE_64BIT,arp_version,PACKAGE_INVENTORY,VULNERABILITY,X_DEFENDER_EXPORT,NONE,1,1,PREDICTED_FROM_CONTRACTS,Registry64,HKLM,machine,,arp_machine
fx-4e4bfc84f6513bea,MACHINE_WIDE_64BIT,arp_version,PACKAGE_INVENTORY,VULNERABILITY,X_TENABLE_EXPORT,NONE,1,1,PREDICTED_FROM_CONTRACTS,Registry64,HKLM,machine,,arp_machine
fx-4e4bfc84f6513bea,MACHINE_WIDE_64BIT,arp_version,PACKAGE_INVENTORY,VULNERABILITY,X_SCCM_EXPORT,NONE,1,1,PREDICTED_FROM_CONTRACTS,Registry64,HKLM,machine,,arp_machine
fx-01812717b5791792,MACHINE_WIDE_WOW6432,arp_version_wow,PACKAGE_INVENTORY,VULNERABILITY,A_UNINSTALL_REGISTRY,UNDECLARED_GAP,1,0,PREDICTED_FROM_CONTRACTS,Registry32,HKLM,machine,,arp_wow6432
fx-01812717b5791792,MACHINE_WIDE_WOW6432,arp_version_wow,PACKAGE_INVENTORY,VULNERABILITY,B_EXPANDED_REGISTRY,NONE,0,1,PREDICTED_FROM_CONTRACTS,Registry32,HKLM,machine,,arp_wow6432
fx-01812717b5791792,MACHINE_WIDE_WOW6432,arp_version_wow,PACKAGE_INVENTORY,VULNERABILITY,C_PACKAGE_PROVIDER,NONE,1,1,PREDICTED_FROM_CONTRACTS,Registry32,HKLM,machine,,arp_wow6432
fx-01812717b5791792,MACHINE_WIDE_WOW6432,arp_version_wow,PACKAGE_INVENTORY,VULNERABILITY,D_FILE_VERSION,DECLARED_GAP,0,0,PREDICTED_FROM_CONTRACTS,Registry32,HKLM,machine,,arp_wow6432
fx-01812717b5791792,MACHINE_WIDE_WOW6432,arp_version_wow,PACKAGE_INVENTORY,VULNERABILITY,E_SERVICE_TASK,DECLARED_GAP,0,0,PREDICTED_FROM_CONTRACTS,Registry32,HKLM,machine,,arp_wow6432
fx-01812717b5791792,MACHINE_WIDE_WOW6432,arp_version_wow,PACKAGE_INVENTORY,VULNERABILITY,F_COMPOSITE_ACTIVE,NONE,0,1,PREDICTED_FROM_CONTRACTS,Registry32,HKLM,machine,,arp_wow6432
fx-01812717b5791792,MACHINE_WIDE_WOW6432,arp_version_wow,PACKAGE_INVENTORY,VULNERABILITY,X_INTUNE_EXPORT,NONE,1,1,PREDICTED_FROM_CONTRACTS,Registry32,HKLM,machine,,arp_wow6432
fx-01812717b5791792,MACHINE_WIDE_WOW6432,arp_version_wow,PACKAGE_INVENTORY,VULNERABILITY,X_DEFENDER_EXPORT,NONE,1,1,PREDICTED_FROM_CONTRACTS,Registry32,HKLM,machine,,arp_wow6432
fx-01812717b5791792,MACHINE_WIDE_WOW6432,arp_version_wow,PACKAGE_INVENTORY,VULNERABILITY,X_TENABLE_EXPORT,NONE,1,1,PREDICTED_FROM_CONTRACTS,Registry32,HKLM,machine,,arp_wow6432
fx-01812717b5791792,MACHINE_WIDE_WOW6432,arp_version_wow,PACKAGE_INVENTORY,VULNERABILITY,X_SCCM_EXPORT,NONE,1,1,PREDICTED_FROM_CONTRACTS,Registry32,HKLM,machine,,arp_wow6432
fx-aab83b7701794b16,MACHINE_WIDE_WOW6432,arp_version_wow,PACKAGE_INVENTORY,VULNERABILITY,A_UNINSTALL_REGISTRY,UNDECLARED_GAP,1,0,PREDICTED_FROM_CONTRACTS,Registry32,HKLM,machine,,arp_wow6432
fx-aab83b7701794b16,MACHINE_WIDE_WOW6432,arp_version_wow,PACKAGE_INVENTORY,VULNERABILITY,B_EXPANDED_REGISTRY,NONE,0,1,PREDICTED_FROM_CONTRACTS,Registry32,HKLM,machine,,arp_wow6432
fx-aab83b7701794b16,MACHINE_WIDE_WOW6432,arp_version_wow,PACKAGE_INVENTORY,VULNERABILITY,C_PACKAGE_PROVIDER,NONE,1,1,PREDICTED_FROM_CONTRACTS,Registry32,HKLM,machine,,arp_wow6432
fx-aab83b7701794b16,MACHINE_WIDE_WOW6432,arp_version_wow,PACKAGE_INVENTORY,VULNERABILITY,D_FILE_VERSION,DECLARED_GAP,0,0,PREDICTED_FROM_CONTRACTS,Registry32,HKLM,machine,,arp_wow6432
fx-aab83b7701794b16,MACHINE_WIDE_WOW6432,arp_version_wow,PACKAGE_INVENTORY,VULNERABILITY,E_SERVICE_TASK,DECLARED_GAP,0,0,PREDICTED_FROM_CONTRACTS,Registry32,HKLM,machine,,arp_wow6432
fx-aab83b7701794b16,MACHINE_WIDE_WOW6432,arp_version_wow,PACKAGE_INVENTORY,VULNERABILITY,F_COMPOSITE_ACTIVE,NONE,0,1,PREDICTED_FROM_CONTRACTS,Registry32,HKLM,machine,,arp_wow6432
fx-aab83b7701794b16,MACHINE_WIDE_WOW6432,arp_version_wow,PACKAGE_INVENTORY,VULNERABILITY,X_INTUNE_EXPORT,NONE,1,1,PREDICTED_FROM_CONTRACTS,Registry32,HKLM,machine,,arp_wow6432
fx-aab83b7701794b16,MACHINE_WIDE_WOW6432,arp_version_wow,PACKAGE_INVENTORY,VULNERABILITY,X_DEFENDER_EXPORT,NONE,1,1,PREDICTED_FROM_CONTRACTS,Registry32,HKLM,machine,,arp_wow6432
fx-aab83b7701794b16,MACHINE_WIDE_WOW6432,arp_version_wow,PACKAGE_INVENTORY,VULNERABILITY,X_TENABLE_EXPORT,NONE,1,1,PREDICTED_FROM_CONTRACTS,Registry32,HKLM,machine,,arp_wow6432
fx-aab83b7701794b16,MACHINE_WIDE_WOW6432,arp_version_wow,PACKAGE_INVENTORY,VULNERABILITY,X_SCCM_EXPORT,NONE,1,1,PREDICTED_FROM_CONTRACTS,Registry32,HKLM,machine,,arp_wow6432
fx-514d93ae61272984,PER_USER_INSTALL,arp_version_hkcu,PACKAGE_INVENTORY,VULNERABILITY,A_UNINSTALL_REGISTRY,UNDECLARED_GAP,1,0,PREDICTED_FROM_CONTRACTS,Registry64,HKCU,current_user,,arp_user
fx-514d93ae61272984,PER_USER_INSTALL,arp_version_hkcu,PACKAGE_INVENTORY,VULNERABILITY,B_EXPANDED_REGISTRY,NONE,0,1,PREDICTED_FROM_CONTRACTS,Registry64,HKCU,current_user,,arp_user
fx-514d93ae61272984,PER_USER_INSTALL,arp_version_hkcu,PACKAGE_INVENTORY,VULNERABILITY,C_PACKAGE_PROVIDER,NONE,1,1,PREDICTED_FROM_CONTRACTS,Registry64,HKCU,current_user,,arp_user
fx-514d93ae61272984,PER_USER_INSTALL,arp_version_hkcu,PACKAGE_INVENTORY,VULNERABILITY,D_FILE_VERSION,DECLARED_GAP,0,0,PREDICTED_FROM_CONTRACTS,Registry64,HKCU,current_user,,arp_user
fx-514d93ae61272984,PER_USER_INSTALL,arp_version_hkcu,PACKAGE_INVENTORY,VULNERABILITY,E_SERVICE_TASK,DECLARED_GAP,0,0,PREDICTED_FROM_CONTRACTS,Registry64,HKCU,current_user,,arp_user
fx-514d93ae61272984,PER_USER_INSTALL,arp_version_hkcu,PACKAGE_INVENTORY,VULNERABILITY,F_COMPOSITE_ACTIVE,NONE,0,1,PREDICTED_FROM_CONTRACTS,Registry64,HKCU,current_user,,arp_user
fx-514d93ae61272984,PER_USER_INSTALL,arp_version_hkcu,PACKAGE_INVENTORY,VULNERABILITY,X_INTUNE_EXPORT,NONE,1,1,PREDICTED_FROM_CONTRACTS,Registry64,HKCU,current_user,,arp_user
fx-514d93ae61272984,PER_USER_INSTALL,arp_version_hkcu,PACKAGE_INVENTORY,VULNERABILITY,X_DEFENDER_EXPORT,NONE,1,1,PREDICTED_FROM_CONTRACTS,Registry64,HKCU,current_user,,arp_user
fx-514d93ae61272984,PER_USER_INSTALL,arp_version_hkcu,PACKAGE_INVENTORY,VULNERABILITY,X_TENABLE_EXPORT,NONE,1,1,PREDICTED_FROM_CONTRACTS,Registry64,HKCU,current_user,,arp_user
fx-514d93ae61272984,PER_USER_INSTALL,arp_version_hkcu,PACKAGE_INVENTORY,VULNERABILITY,X_SCCM_EXPORT,UNDECLARED_GAP,1,0,PREDICTED_FROM_CONTRACTS,Registry64,HKCU,current_user,,arp_user
fx-82c8f58d82cf730c,PER_USER_INSTALL,arp_version_hkcu,PACKAGE_INVENTORY,VULNERABILITY,A_UNINSTALL_REGISTRY,UNDECLARED_GAP,1,0,PREDICTED_FROM_CONTRACTS,Registry64,HKCU,current_user,,arp_user
fx-82c8f58d82cf730c,PER_USER_INSTALL,arp_version_hkcu,PACKAGE_INVENTORY,VULNERABILITY,B_EXPANDED_REGISTRY,NONE,0,1,PREDICTED_FROM_CONTRACTS,Registry64,HKCU,current_user,,arp_user
fx-82c8f58d82cf730c,PER_USER_INSTALL,arp_version_hkcu,PACKAGE_INVENTORY,VULNERABILITY,C_PACKAGE_PROVIDER,NONE,1,1,PREDICTED_FROM_CONTRACTS,Registry64,HKCU,current_user,,arp_user
fx-82c8f58d82cf730c,PER_USER_INSTALL,arp_version_hkcu,PACKAGE_INVENTORY,VULNERABILITY,D_FILE_VERSION,DECLARED_GAP,0,0,PREDICTED_FROM_CONTRACTS,Registry64,HKCU,current_user,,arp_user
fx-82c8f58d82cf730c,PER_USER_INSTALL,arp_version_hkcu,PACKAGE_INVENTORY,VULNERABILITY,E_SERVICE_TASK,DECLARED_GAP,0,0,PREDICTED_FROM_CONTRACTS,Registry64,HKCU,current_user,,arp_user
fx-82c8f58d82cf730c,PER_USER_INSTALL,arp_version_hkcu,PACKAGE_INVENTORY,VULNERABILITY,F_COMPOSITE_ACTIVE,NONE,0,1,PREDICTED_FROM_CONTRACTS,Registry64,HKCU,current_user,,arp_user
fx-82c8f58d82cf730c,PER_USER_INSTALL,arp_version_hkcu,PACKAGE_INVENTORY,VULNERABILITY,X_INTUNE_EXPORT,NONE,1,1,PREDICTED_FROM_CONTRACTS,Registry64,HKCU,current_user,,arp_user
fx-82c8f58d82cf730c,PER_USER_INSTALL,arp_version_hkcu,PACKAGE_INVENTORY,VULNERABILITY,X_DEFENDER_EXPORT,NONE,1,1,PREDICTED_FROM_CONTRACTS,Registry64,HKCU,current_user,,arp_user
fx-82c8f58d82cf730c,PER_USER_INSTALL,arp_version_hkcu,PACKAGE_INVENTORY,VULNERABILITY,X_TENABLE_EXPORT,NONE,1,1,PREDICTED_FROM_CONTRACTS,Registry64,HKCU,current_user,,arp_user
fx-82c8f58d82cf730c,PER_USER_INSTALL,arp_version_hkcu,PACKAGE_INVENTORY,VULNERABILITY,X_SCCM_EXPORT,UNDECLARED_GAP,1,0,PREDICTED_FROM_CONTRACTS,Registry64,HKCU,current_user,,arp_user
fx-da63098dbc5ef8b4,SECOND_LOCAL_USER_INSTALL,arp_version_other_user,PACKAGE_INVENTORY,VULNERABILITY,A_UNINSTALL_REGISTRY,UNDECLARED_GAP,1,0,PREDICTED_FROM_CONTRACTS,Registry64,HKU,other_user_loaded,,arp_user
fx-da63098dbc5ef8b4,SECOND_LOCAL_USER_INSTALL,arp_version_other_user,PACKAGE_INVENTORY,VULNERABILITY,B_EXPANDED_REGISTRY,NONE,0,1,PREDICTED_FROM_CONTRACTS,Registry64,HKU,other_user_loaded,,arp_user
fx-da63098dbc5ef8b4,SECOND_LOCAL_USER_INSTALL,arp_version_other_user,PACKAGE_INVENTORY,VULNERABILITY,C_PACKAGE_PROVIDER,UNDECLARED_GAP,1,0,PREDICTED_FROM_CONTRACTS,Registry64,HKU,other_user_loaded,,arp_user
fx-da63098dbc5ef8b4,SECOND_LOCAL_USER_INSTALL,arp_version_other_user,PACKAGE_INVENTORY,VULNERABILITY,D_FILE_VERSION,DECLARED_GAP,0,0,PREDICTED_FROM_CONTRACTS,Registry64,HKU,other_user_loaded,,arp_user
fx-da63098dbc5ef8b4,SECOND_LOCAL_USER_INSTALL,arp_version_other_user,PACKAGE_INVENTORY,VULNERABILITY,E_SERVICE_TASK,DECLARED_GAP,0,0,PREDICTED_FROM_CONTRACTS,Registry64,HKU,other_user_loaded,,arp_user
fx-da63098dbc5ef8b4,SECOND_LOCAL_USER_INSTALL,arp_version_other_user,PACKAGE_INVENTORY,VULNERABILITY,F_COMPOSITE_ACTIVE,NONE,0,1,PREDICTED_FROM_CONTRACTS,Registry64,HKU,other_user_loaded,,arp_user
fx-da63098dbc5ef8b4,SECOND_LOCAL_USER_INSTALL,arp_version_other_user,PACKAGE_INVENTORY,VULNERABILITY,X_INTUNE_EXPORT,UNDECLARED_GAP,1,0,PREDICTED_FROM_CONTRACTS,Registry64,HKU,other_user_loaded,,arp_user
fx-da63098dbc5ef8b4,SECOND_LOCAL_USER_INSTALL,arp_version_other_user,PACKAGE_INVENTORY,VULNERABILITY,X_DEFENDER_EXPORT,UNDECLARED_GAP,1,0,PREDICTED_FROM_CONTRACTS,Registry64,HKU,other_user_loaded,,arp_user
fx-da63098dbc5ef8b4,SECOND_LOCAL_USER_INSTALL,arp_version_other_user,PACKAGE_INVENTORY,VULNERABILITY,X_TENABLE_EXPORT,UNDECLARED_GAP,1,0,PREDICTED_FROM_CONTRACTS,Registry64,HKU,other_user_loaded,,arp_user
fx-da63098dbc5ef8b4,SECOND_LOCAL_USER_INSTALL,arp_version_other_user,PACKAGE_INVENTORY,VULNERABILITY,X_SCCM_EXPORT,UNDECLARED_GAP,1,0,PREDICTED_FROM_CONTRACTS,Registry64,HKU,other_user_loaded,,arp_user
fx-832cb05b91aec9ad,SECOND_LOCAL_USER_INSTALL,arp_version_other_user,PACKAGE_INVENTORY,VULNERABILITY,A_UNINSTALL_REGISTRY,UNDECLARED_GAP,1,0,PREDICTED_FROM_CONTRACTS,Registry64,HKU,other_user_loaded,,arp_user
fx-832cb05b91aec9ad,SECOND_LOCAL_USER_INSTALL,arp_version_other_user,PACKAGE_INVENTORY,VULNERABILITY,B_EXPANDED_REGISTRY,NONE,0,1,PREDICTED_FROM_CONTRACTS,Registry64,HKU,other_user_loaded,,arp_user
fx-832cb05b91aec9ad,SECOND_LOCAL_USER_INSTALL,arp_version_other_user,PACKAGE_INVENTORY,VULNERABILITY,C_PACKAGE_PROVIDER,UNDECLARED_GAP,1,0,PREDICTED_FROM_CONTRACTS,Registry64,HKU,other_user_loaded,,arp_user
fx-832cb05b91aec9ad,SECOND_LOCAL_USER_INSTALL,arp_version_other_user,PACKAGE_INVENTORY,VULNERABILITY,D_FILE_VERSION,DECLARED_GAP,0,0,PREDICTED_FROM_CONTRACTS,Registry64,HKU,other_user_loaded,,arp_user
fx-832cb05b91aec9ad,SECOND_LOCAL_USER_INSTALL,arp_version_other_user,PACKAGE_INVENTORY,VULNERABILITY,E_SERVICE_TASK,DECLARED_GAP,0,0,PREDICTED_FROM_CONTRACTS,Registry64,HKU,other_user_loaded,,arp_user
fx-832cb05b91aec9ad,SECOND_LOCAL_USER_INSTALL,arp_version_other_user,PACKAGE_INVENTORY,VULNERABILITY,F_COMPOSITE_ACTIVE,NONE,0,1,PREDICTED_FROM_CONTRACTS,Registry64,HKU,other_user_loaded,,arp_user
fx-832cb05b91aec9ad,SECOND_LOCAL_USER_INSTALL,arp_version_other_user,PACKAGE_INVENTORY,VULNERABILITY,X_INTUNE_EXPORT,UNDECLARED_GAP,1,0,PREDICTED_FROM_CONTRACTS,Registry64,HKU,other_user_loaded,,arp_user
fx-832cb05b91aec9ad,SECOND_LOCAL_USER_INSTALL,arp_version_other_user,PACKAGE_INVENTORY,VULNERABILITY,X_DEFENDER_EXPORT,UNDECLARED_GAP,1,0,PREDICTED_FROM_CONTRACTS,Registry64,HKU,other_user_loaded,,arp_user
fx-832cb05b91aec9ad,SECOND_LOCAL_USER_INSTALL,arp_version_other_user,PACKAGE_INVENTORY,VULNERABILITY,X_TENABLE_EXPORT,UNDECLARED_GAP,1,0,PREDICTED_FROM_CONTRACTS,Registry64,HKU,other_user_loaded,,arp_user
fx-832cb05b91aec9ad,SECOND_LOCAL_USER_INSTALL,arp_version_other_user,PACKAGE_INVENTORY,VULNERABILITY,X_SCCM_EXPORT,UNDECLARED_GAP,1,0,PREDICTED_FROM_CONTRACTS,Registry64,HKU,other_user_loaded,,arp_user
fx-2aa82c0c4f0adc7b,PORTABLE_UNREGISTERED,portable_binary_version,FILE_VERSION,VULNERABILITY,A_UNINSTALL_REGISTRY,DECLARED_GAP,0,0,PREDICTED_FROM_CONTRACTS,,,machine,UserProfile,none_portable
fx-2aa82c0c4f0adc7b,PORTABLE_UNREGISTERED,portable_binary_version,FILE_VERSION,VULNERABILITY,B_EXPANDED_REGISTRY,DECLARED_GAP,0,0,PREDICTED_FROM_CONTRACTS,,,machine,UserProfile,none_portable
fx-2aa82c0c4f0adc7b,PORTABLE_UNREGISTERED,portable_binary_version,FILE_VERSION,VULNERABILITY,C_PACKAGE_PROVIDER,DECLARED_GAP,0,0,PREDICTED_FROM_CONTRACTS,,,machine,UserProfile,none_portable
fx-2aa82c0c4f0adc7b,PORTABLE_UNREGISTERED,portable_binary_version,FILE_VERSION,VULNERABILITY,D_FILE_VERSION,DECLARED_GAP,0,0,PREDICTED_FROM_CONTRACTS,,,machine,UserProfile,none_portable
fx-2aa82c0c4f0adc7b,PORTABLE_UNREGISTERED,portable_binary_version,FILE_VERSION,VULNERABILITY,E_SERVICE_TASK,DECLARED_GAP,0,0,PREDICTED_FROM_CONTRACTS,,,machine,UserProfile,none_portable
fx-2aa82c0c4f0adc7b,PORTABLE_UNREGISTERED,portable_binary_version,FILE_VERSION,VULNERABILITY,F_COMPOSITE_ACTIVE,NONE,0,1,PREDICTED_FROM_CONTRACTS,,,machine,UserProfile,none_portable
fx-2aa82c0c4f0adc7b,PORTABLE_UNREGISTERED,portable_binary_version,FILE_VERSION,VULNERABILITY,X_INTUNE_EXPORT,DECLARED_GAP,0,0,PREDICTED_FROM_CONTRACTS,,,machine,UserProfile,none_portable
fx-2aa82c0c4f0adc7b,PORTABLE_UNREGISTERED,portable_binary_version,FILE_VERSION,VULNERABILITY,X_DEFENDER_EXPORT,DECLARED_GAP,0,0,PREDICTED_FROM_CONTRACTS,,,machine,UserProfile,none_portable
fx-2aa82c0c4f0adc7b,PORTABLE_UNREGISTERED,portable_binary_version,FILE_VERSION,VULNERABILITY,X_TENABLE_EXPORT,DECLARED_GAP,0,0,PREDICTED_FROM_CONTRACTS,,,machine,UserProfile,none_portable
fx-2aa82c0c4f0adc7b,PORTABLE_UNREGISTERED,portable_binary_version,FILE_VERSION,VULNERABILITY,X_SCCM_EXPORT,DECLARED_GAP,0,0,PREDICTED_FROM_CONTRACTS,,,machine,UserProfile,none_portable
fx-659708370168100e,PORTABLE_UNREGISTERED,portable_binary_version,FILE_VERSION,VULNERABILITY,A_UNINSTALL_REGISTRY,DECLARED_GAP,0,0,PREDICTED_FROM_CONTRACTS,,,machine,UserProfile,none_portable
fx-659708370168100e,PORTABLE_UNREGISTERED,portable_binary_version,FILE_VERSION,VULNERABILITY,B_EXPANDED_REGISTRY,DECLARED_GAP,0,0,PREDICTED_FROM_CONTRACTS,,,machine,UserProfile,none_portable
fx-659708370168100e,PORTABLE_UNREGISTERED,portable_binary_version,FILE_VERSION,VULNERABILITY,C_PACKAGE_PROVIDER,DECLARED_GAP,0,0,PREDICTED_FROM_CONTRACTS,,,machine,UserProfile,none_portable
fx-659708370168100e,PORTABLE_UNREGISTERED,portable_binary_version,FILE_VERSION,VULNERABILITY,D_FILE_VERSION,DECLARED_GAP,0,0,PREDICTED_FROM_CONTRACTS,,,machine,UserProfile,none_portable
fx-659708370168100e,PORTABLE_UNREGISTERED,portable_binary_version,FILE_VERSION,VULNERABILITY,E_SERVICE_TASK,DECLARED_GAP,0,0,PREDICTED_FROM_CONTRACTS,,,machine,UserProfile,none_portable
fx-659708370168100e,PORTABLE_UNREGISTERED,portable_binary_version,FILE_VERSION,VULNERABILITY,F_COMPOSITE_ACTIVE,NONE,0,1,PREDICTED_FROM_CONTRACTS,,,machine,UserProfile,none_portable
fx-659708370168100e,PORTABLE_UNREGISTERED,portable_binary_version,FILE_VERSION,VULNERABILITY,X_INTUNE_EXPORT,DECLARED_GAP,0,0,PREDICTED_FROM_CONTRACTS,,,machine,UserProfile,none_portable
fx-659708370168100e,PORTABLE_UNREGISTERED,portable_binary_version,FILE_VERSION,VULNERABILITY,X_DEFENDER_EXPORT,DECLARED_GAP,0,0,PREDICTED_FROM_CONTRACTS,,,machine,UserProfile,none_portable
fx-659708370168100e,PORTABLE_UNREGISTERED,portable_binary_version,FILE_VERSION,VULNERABILITY,X_TENABLE_EXPORT,DECLARED_GAP,0,0,PREDICTED_FROM_CONTRACTS,,,machine,UserProfile,none_portable
fx-659708370168100e,PORTABLE_UNREGISTERED,portable_binary_version,FILE_VERSION,VULNERABILITY,X_SCCM_EXPORT,DECLARED_GAP,0,0,PREDICTED_FROM_CONTRACTS,,,machine,UserProfile,none_portable
fx-98219082d60ab1ac,SIDE_BY_SIDE_SAFE_AND_VULNERABLE,residual_vuln_binary,FILE_VERSION,VULNERABILITY,A_UNINSTALL_REGISTRY,DECLARED_GAP,0,0,PREDICTED_FROM_CONTRACTS,,,machine,ProgramFiles,none_portable
fx-98219082d60ab1ac,SIDE_BY_SIDE_SAFE_AND_VULNERABLE,residual_vuln_binary,FILE_VERSION,VULNERABILITY,B_EXPANDED_REGISTRY,DECLARED_GAP,0,0,PREDICTED_FROM_CONTRACTS,,,machine,ProgramFiles,none_portable
fx-98219082d60ab1ac,SIDE_BY_SIDE_SAFE_AND_VULNERABLE,residual_vuln_binary,FILE_VERSION,VULNERABILITY,C_PACKAGE_PROVIDER,DECLARED_GAP,0,0,PREDICTED_FROM_CONTRACTS,,,machine,ProgramFiles,none_portable
fx-98219082d60ab1ac,SIDE_BY_SIDE_SAFE_AND_VULNERABLE,residual_vuln_binary,FILE_VERSION,VULNERABILITY,D_FILE_VERSION,NONE,0,1,PREDICTED_FROM_CONTRACTS,,,machine,ProgramFiles,none_portable
fx-98219082d60ab1ac,SIDE_BY_SIDE_SAFE_AND_VULNERABLE,residual_vuln_binary,FILE_VERSION,VULNERABILITY,E_SERVICE_TASK,DECLARED_GAP,0,0,PREDICTED_FROM_CONTRACTS,,,machine,ProgramFiles,none_portable
fx-98219082d60ab1ac,SIDE_BY_SIDE_SAFE_AND_VULNERABLE,residual_vuln_binary,FILE_VERSION,VULNERABILITY,F_COMPOSITE_ACTIVE,NONE,0,1,PREDICTED_FROM_CONTRACTS,,,machine,ProgramFiles,none_portable
fx-98219082d60ab1ac,SIDE_BY_SIDE_SAFE_AND_VULNERABLE,residual_vuln_binary,FILE_VERSION,VULNERABILITY,X_INTUNE_EXPORT,DECLARED_GAP,0,0,PREDICTED_FROM_CONTRACTS,,,machine,ProgramFiles,none_portable
fx-98219082d60ab1ac,SIDE_BY_SIDE_SAFE_AND_VULNERABLE,residual_vuln_binary,FILE_VERSION,VULNERABILITY,X_DEFENDER_EXPORT,NONE,0,1,PREDICTED_FROM_CONTRACTS,,,machine,ProgramFiles,none_portable
fx-98219082d60ab1ac,SIDE_BY_SIDE_SAFE_AND_VULNERABLE,residual_vuln_binary,FILE_VERSION,VULNERABILITY,X_TENABLE_EXPORT,NONE,0,1,PREDICTED_FROM_CONTRACTS,,,machine,ProgramFiles,none_portable
fx-98219082d60ab1ac,SIDE_BY_SIDE_SAFE_AND_VULNERABLE,residual_vuln_binary,FILE_VERSION,VULNERABILITY,X_SCCM_EXPORT,NONE,0,1,PREDICTED_FROM_CONTRACTS,,,machine,ProgramFiles,none_portable
fx-8c9a6b6d56429b3e,SIDE_BY_SIDE_SAFE_AND_VULNERABLE,residual_vuln_binary,FILE_VERSION,VULNERABILITY,A_UNINSTALL_REGISTRY,DECLARED_GAP,0,0,PREDICTED_FROM_CONTRACTS,,,machine,ProgramFiles,none_portable
fx-8c9a6b6d56429b3e,SIDE_BY_SIDE_SAFE_AND_VULNERABLE,residual_vuln_binary,FILE_VERSION,VULNERABILITY,B_EXPANDED_REGISTRY,DECLARED_GAP,0,0,PREDICTED_FROM_CONTRACTS,,,machine,ProgramFiles,none_portable
fx-8c9a6b6d56429b3e,SIDE_BY_SIDE_SAFE_AND_VULNERABLE,residual_vuln_binary,FILE_VERSION,VULNERABILITY,C_PACKAGE_PROVIDER,DECLARED_GAP,0,0,PREDICTED_FROM_CONTRACTS,,,machine,ProgramFiles,none_portable
fx-8c9a6b6d56429b3e,SIDE_BY_SIDE_SAFE_AND_VULNERABLE,residual_vuln_binary,FILE_VERSION,VULNERABILITY,D_FILE_VERSION,NONE,0,1,PREDICTED_FROM_CONTRACTS,,,machine,ProgramFiles,none_portable
fx-8c9a6b6d56429b3e,SIDE_BY_SIDE_SAFE_AND_VULNERABLE,residual_vuln_binary,FILE_VERSION,VULNERABILITY,E_SERVICE_TASK,DECLARED_GAP,0,0,PREDICTED_FROM_CONTRACTS,,,machine,ProgramFiles,none_portable
fx-8c9a6b6d56429b3e,SIDE_BY_SIDE_SAFE_AND_VULNERABLE,residual_vuln_binary,FILE_VERSION,VULNERABILITY,F_COMPOSITE_ACTIVE,NONE,0,1,PREDICTED_FROM_CONTRACTS,,,machine,ProgramFiles,none_portable
fx-8c9a6b6d56429b3e,SIDE_BY_SIDE_SAFE_AND_VULNERABLE,residual_vuln_binary,FILE_VERSION,VULNERABILITY,X_INTUNE_EXPORT,DECLARED_GAP,0,0,PREDICTED_FROM_CONTRACTS,,,machine,ProgramFiles,none_portable
fx-8c9a6b6d56429b3e,SIDE_BY_SIDE_SAFE_AND_VULNERABLE,residual_vuln_binary,FILE_VERSION,VULNERABILITY,X_DEFENDER_EXPORT,NONE,0,1,PREDICTED_FROM_CONTRACTS,,,machine,ProgramFiles,none_portable
fx-8c9a6b6d56429b3e,SIDE_BY_SIDE_SAFE_AND_VULNERABLE,residual_vuln_binary,FILE_VERSION,VULNERABILITY,X_TENABLE_EXPORT,NONE,0,1,PREDICTED_FROM_CONTRACTS,,,machine,ProgramFiles,none_portable
fx-8c9a6b6d56429b3e,SIDE_BY_SIDE_SAFE_AND_VULNERABLE,residual_vuln_binary,FILE_VERSION,VULNERABILITY,X_SCCM_EXPORT,NONE,0,1,PREDICTED_FROM_CONTRACTS,,,machine,ProgramFiles,none_portable
fx-22f06ce61945f20f,BINARY_VERSION_DIFFERS_FROM_INVENTORY,actual_binary_version,FILE_VERSION,VULNERABILITY,A_UNINSTALL_REGISTRY,DECLARED_GAP,0,0,PREDICTED_FROM_CONTRACTS,,,machine,ProgramFiles,
fx-22f06ce61945f20f,BINARY_VERSION_DIFFERS_FROM_INVENTORY,actual_binary_version,FILE_VERSION,VULNERABILITY,B_EXPANDED_REGISTRY,DECLARED_GAP,0,0,PREDICTED_FROM_CONTRACTS,,,machine,ProgramFiles,
fx-22f06ce61945f20f,BINARY_VERSION_DIFFERS_FROM_INVENTORY,actual_binary_version,FILE_VERSION,VULNERABILITY,C_PACKAGE_PROVIDER,DECLARED_GAP,0,0,PREDICTED_FROM_CONTRACTS,,,machine,ProgramFiles,
fx-22f06ce61945f20f,BINARY_VERSION_DIFFERS_FROM_INVENTORY,actual_binary_version,FILE_VERSION,VULNERABILITY,D_FILE_VERSION,NONE,0,1,PREDICTED_FROM_CONTRACTS,,,machine,ProgramFiles,
fx-22f06ce61945f20f,BINARY_VERSION_DIFFERS_FROM_INVENTORY,actual_binary_version,FILE_VERSION,VULNERABILITY,E_SERVICE_TASK,DECLARED_GAP,0,0,PREDICTED_FROM_CONTRACTS,,,machine,ProgramFiles,
fx-22f06ce61945f20f,BINARY_VERSION_DIFFERS_FROM_INVENTORY,actual_binary_version,FILE_VERSION,VULNERABILITY,F_COMPOSITE_ACTIVE,NONE,0,1,PREDICTED_FROM_CONTRACTS,,,machine,ProgramFiles,
fx-22f06ce61945f20f,BINARY_VERSION_DIFFERS_FROM_INVENTORY,actual_binary_version,FILE_VERSION,VULNERABILITY,X_INTUNE_EXPORT,DECLARED_GAP,0,0,PREDICTED_FROM_CONTRACTS,,,machine,ProgramFiles,
fx-22f06ce61945f20f,BINARY_VERSION_DIFFERS_FROM_INVENTORY,actual_binary_version,FILE_VERSION,VULNERABILITY,X_DEFENDER_EXPORT,NONE,0,1,PREDICTED_FROM_CONTRACTS,,,machine,ProgramFiles,
fx-22f06ce61945f20f,BINARY_VERSION_DIFFERS_FROM_INVENTORY,actual_binary_version,FILE_VERSION,VULNERABILITY,X_TENABLE_EXPORT,NONE,0,1,PREDICTED_FROM_CONTRACTS,,,machine,ProgramFiles,
fx-22f06ce61945f20f,BINARY_VERSION_DIFFERS_FROM_INVENTORY,actual_binary_version,FILE_VERSION,VULNERABILITY,X_SCCM_EXPORT,NONE,0,1,PREDICTED_FROM_CONTRACTS,,,machine,ProgramFiles,
fx-b26e432ba5006e48,BINARY_VERSION_DIFFERS_FROM_INVENTORY,actual_binary_version,FILE_VERSION,VULNERABILITY,A_UNINSTALL_REGISTRY,DECLARED_GAP,0,0,PREDICTED_FROM_CONTRACTS,,,machine,ProgramFiles,
fx-b26e432ba5006e48,BINARY_VERSION_DIFFERS_FROM_INVENTORY,actual_binary_version,FILE_VERSION,VULNERABILITY,B_EXPANDED_REGISTRY,DECLARED_GAP,0,0,PREDICTED_FROM_CONTRACTS,,,machine,ProgramFiles,
fx-b26e432ba5006e48,BINARY_VERSION_DIFFERS_FROM_INVENTORY,actual_binary_version,FILE_VERSION,VULNERABILITY,C_PACKAGE_PROVIDER,DECLARED_GAP,0,0,PREDICTED_FROM_CONTRACTS,,,machine,ProgramFiles,
fx-b26e432ba5006e48,BINARY_VERSION_DIFFERS_FROM_INVENTORY,actual_binary_version,FILE_VERSION,VULNERABILITY,D_FILE_VERSION,NONE,0,1,PREDICTED_FROM_CONTRACTS,,,machine,ProgramFiles,
fx-b26e432ba5006e48,BINARY_VERSION_DIFFERS_FROM_INVENTORY,actual_binary_version,FILE_VERSION,VULNERABILITY,E_SERVICE_TASK,DECLARED_GAP,0,0,PREDICTED_FROM_CONTRACTS,,,machine,ProgramFiles,
fx-b26e432ba5006e48,BINARY_VERSION_DIFFERS_FROM_INVENTORY,actual_binary_version,FILE_VERSION,VULNERABILITY,F_COMPOSITE_ACTIVE,NONE,0,1,PREDICTED_FROM_CONTRACTS,,,machine,ProgramFiles,
fx-b26e432ba5006e48,BINARY_VERSION_DIFFERS_FROM_INVENTORY,actual_binary_version,FILE_VERSION,VULNERABILITY,X_INTUNE_EXPORT,DECLARED_GAP,0,0,PREDICTED_FROM_CONTRACTS,,,machine,ProgramFiles,
fx-b26e432ba5006e48,BINARY_VERSION_DIFFERS_FROM_INVENTORY,actual_binary_version,FILE_VERSION,VULNERABILITY,X_DEFENDER_EXPORT,NONE,0,1,PREDICTED_FROM_CONTRACTS,,,machine,ProgramFiles,
fx-b26e432ba5006e48,BINARY_VERSION_DIFFERS_FROM_INVENTORY,actual_binary_version,FILE_VERSION,VULNERABILITY,X_TENABLE_EXPORT,NONE,0,1,PREDICTED_FROM_CONTRACTS,,,machine,ProgramFiles,
fx-b26e432ba5006e48,BINARY_VERSION_DIFFERS_FROM_INVENTORY,actual_binary_version,FILE_VERSION,VULNERABILITY,X_SCCM_EXPORT,NONE,0,1,PREDICTED_FROM_CONTRACTS,,,machine,ProgramFiles,
fx-bc4a51729bf38bab,RENAMED_OR_NONDEFAULT_PATH,renamed_binary_version,FILE_VERSION,VULNERABILITY,A_UNINSTALL_REGISTRY,DECLARED_GAP,0,0,PREDICTED_FROM_CONTRACTS,,,machine,NonStandard,
fx-bc4a51729bf38bab,RENAMED_OR_NONDEFAULT_PATH,renamed_binary_version,FILE_VERSION,VULNERABILITY,B_EXPANDED_REGISTRY,DECLARED_GAP,0,0,PREDICTED_FROM_CONTRACTS,,,machine,NonStandard,
fx-bc4a51729bf38bab,RENAMED_OR_NONDEFAULT_PATH,renamed_binary_version,FILE_VERSION,VULNERABILITY,C_PACKAGE_PROVIDER,DECLARED_GAP,0,0,PREDICTED_FROM_CONTRACTS,,,machine,NonStandard,
fx-bc4a51729bf38bab,RENAMED_OR_NONDEFAULT_PATH,renamed_binary_version,FILE_VERSION,VULNERABILITY,D_FILE_VERSION,DECLARED_GAP,0,0,PREDICTED_FROM_CONTRACTS,,,machine,NonStandard,
fx-bc4a51729bf38bab,RENAMED_OR_NONDEFAULT_PATH,renamed_binary_version,FILE_VERSION,VULNERABILITY,E_SERVICE_TASK,DECLARED_GAP,0,0,PREDICTED_FROM_CONTRACTS,,,machine,NonStandard,
fx-bc4a51729bf38bab,RENAMED_OR_NONDEFAULT_PATH,renamed_binary_version,FILE_VERSION,VULNERABILITY,F_COMPOSITE_ACTIVE,NONE,0,1,PREDICTED_FROM_CONTRACTS,,,machine,NonStandard,
fx-bc4a51729bf38bab,RENAMED_OR_NONDEFAULT_PATH,renamed_binary_version,FILE_VERSION,VULNERABILITY,X_INTUNE_EXPORT,DECLARED_GAP,0,0,PREDICTED_FROM_CONTRACTS,,,machine,NonStandard,
fx-bc4a51729bf38bab,RENAMED_OR_NONDEFAULT_PATH,renamed_binary_version,FILE_VERSION,VULNERABILITY,X_DEFENDER_EXPORT,DECLARED_GAP,0,0,PREDICTED_FROM_CONTRACTS,,,machine,NonStandard,
fx-bc4a51729bf38bab,RENAMED_OR_NONDEFAULT_PATH,renamed_binary_version,FILE_VERSION,VULNERABILITY,X_TENABLE_EXPORT,DECLARED_GAP,0,0,PREDICTED_FROM_CONTRACTS,,,machine,NonStandard,
fx-bc4a51729bf38bab,RENAMED_OR_NONDEFAULT_PATH,renamed_binary_version,FILE_VERSION,VULNERABILITY,X_SCCM_EXPORT,DECLARED_GAP,0,0,PREDICTED_FROM_CONTRACTS,,,machine,NonStandard,
fx-401b79ee677bc995,RENAMED_OR_NONDEFAULT_PATH,renamed_binary_version,FILE_VERSION,VULNERABILITY,A_UNINSTALL_REGISTRY,DECLARED_GAP,0,0,PREDICTED_FROM_CONTRACTS,,,machine,NonStandard,
fx-401b79ee677bc995,RENAMED_OR_NONDEFAULT_PATH,renamed_binary_version,FILE_VERSION,VULNERABILITY,B_EXPANDED_REGISTRY,DECLARED_GAP,0,0,PREDICTED_FROM_CONTRACTS,,,machine,NonStandard,
fx-401b79ee677bc995,RENAMED_OR_NONDEFAULT_PATH,renamed_binary_version,FILE_VERSION,VULNERABILITY,C_PACKAGE_PROVIDER,DECLARED_GAP,0,0,PREDICTED_FROM_CONTRACTS,,,machine,NonStandard,
fx-401b79ee677bc995,RENAMED_OR_NONDEFAULT_PATH,renamed_binary_version,FILE_VERSION,VULNERABILITY,D_FILE_VERSION,DECLARED_GAP,0,0,PREDICTED_FROM_CONTRACTS,,,machine,NonStandard,
fx-401b79ee677bc995,RENAMED_OR_NONDEFAULT_PATH,renamed_binary_version,FILE_VERSION,VULNERABILITY,E_SERVICE_TASK,DECLARED_GAP,0,0,PREDICTED_FROM_CONTRACTS,,,machine,NonStandard,
fx-401b79ee677bc995,RENAMED_OR_NONDEFAULT_PATH,renamed_binary_version,FILE_VERSION,VULNERABILITY,F_COMPOSITE_ACTIVE,NONE,0,1,PREDICTED_FROM_CONTRACTS,,,machine,NonStandard,
fx-401b79ee677bc995,RENAMED_OR_NONDEFAULT_PATH,renamed_binary_version,FILE_VERSION,VULNERABILITY,X_INTUNE_EXPORT,DECLARED_GAP,0,0,PREDICTED_FROM_CONTRACTS,,,machine,NonStandard,
fx-401b79ee677bc995,RENAMED_OR_NONDEFAULT_PATH,renamed_binary_version,FILE_VERSION,VULNERABILITY,X_DEFENDER_EXPORT,DECLARED_GAP,0,0,PREDICTED_FROM_CONTRACTS,,,machine,NonStandard,
fx-401b79ee677bc995,RENAMED_OR_NONDEFAULT_PATH,renamed_binary_version,FILE_VERSION,VULNERABILITY,X_TENABLE_EXPORT,DECLARED_GAP,0,0,PREDICTED_FROM_CONTRACTS,,,machine,NonStandard,
fx-401b79ee677bc995,RENAMED_OR_NONDEFAULT_PATH,renamed_binary_version,FILE_VERSION,VULNERABILITY,X_SCCM_EXPORT,DECLARED_GAP,0,0,PREDICTED_FROM_CONTRACTS,,,machine,NonStandard,
fx-d251418b544cdbab,RESIDUAL_BINARY_AFTER_UPDATE,residual_old_binary,FILE_VERSION,VULNERABILITY,A_UNINSTALL_REGISTRY,DECLARED_GAP,0,0,PREDICTED_FROM_CONTRACTS,,,machine,ProgramFiles,
fx-d251418b544cdbab,RESIDUAL_BINARY_AFTER_UPDATE,residual_old_binary,FILE_VERSION,VULNERABILITY,B_EXPANDED_REGISTRY,DECLARED_GAP,0,0,PREDICTED_FROM_CONTRACTS,,,machine,ProgramFiles,
fx-d251418b544cdbab,RESIDUAL_BINARY_AFTER_UPDATE,residual_old_binary,FILE_VERSION,VULNERABILITY,C_PACKAGE_PROVIDER,DECLARED_GAP,0,0,PREDICTED_FROM_CONTRACTS,,,machine,ProgramFiles,
fx-d251418b544cdbab,RESIDUAL_BINARY_AFTER_UPDATE,residual_old_binary,FILE_VERSION,VULNERABILITY,D_FILE_VERSION,NONE,0,1,PREDICTED_FROM_CONTRACTS,,,machine,ProgramFiles,
fx-d251418b544cdbab,RESIDUAL_BINARY_AFTER_UPDATE,residual_old_binary,FILE_VERSION,VULNERABILITY,E_SERVICE_TASK,DECLARED_GAP,0,0,PREDICTED_FROM_CONTRACTS,,,machine,ProgramFiles,
fx-d251418b544cdbab,RESIDUAL_BINARY_AFTER_UPDATE,residual_old_binary,FILE_VERSION,VULNERABILITY,F_COMPOSITE_ACTIVE,NONE,0,1,PREDICTED_FROM_CONTRACTS,,,machine,ProgramFiles,
fx-d251418b544cdbab,RESIDUAL_BINARY_AFTER_UPDATE,residual_old_binary,FILE_VERSION,VULNERABILITY,X_INTUNE_EXPORT,DECLARED_GAP,0,0,PREDICTED_FROM_CONTRACTS,,,machine,ProgramFiles,
fx-d251418b544cdbab,RESIDUAL_BINARY_AFTER_UPDATE,residual_old_binary,FILE_VERSION,VULNERABILITY,X_DEFENDER_EXPORT,NONE,0,1,PREDICTED_FROM_CONTRACTS,,,machine,ProgramFiles,
fx-d251418b544cdbab,RESIDUAL_BINARY_AFTER_UPDATE,residual_old_binary,FILE_VERSION,VULNERABILITY,X_TENABLE_EXPORT,NONE,0,1,PREDICTED_FROM_CONTRACTS,,,machine,ProgramFiles,
fx-d251418b544cdbab,RESIDUAL_BINARY_AFTER_UPDATE,residual_old_binary,FILE_VERSION,VULNERABILITY,X_SCCM_EXPORT,NONE,0,1,PREDICTED_FROM_CONTRACTS,,,machine,ProgramFiles,
fx-ec3d6bf536bb5d65,RESIDUAL_BINARY_AFTER_UPDATE,residual_old_binary,FILE_VERSION,VULNERABILITY,A_UNINSTALL_REGISTRY,DECLARED_GAP,0,0,PREDICTED_FROM_CONTRACTS,,,machine,ProgramFiles,
fx-ec3d6bf536bb5d65,RESIDUAL_BINARY_AFTER_UPDATE,residual_old_binary,FILE_VERSION,VULNERABILITY,B_EXPANDED_REGISTRY,DECLARED_GAP,0,0,PREDICTED_FROM_CONTRACTS,,,machine,ProgramFiles,
fx-ec3d6bf536bb5d65,RESIDUAL_BINARY_AFTER_UPDATE,residual_old_binary,FILE_VERSION,VULNERABILITY,C_PACKAGE_PROVIDER,DECLARED_GAP,0,0,PREDICTED_FROM_CONTRACTS,,,machine,ProgramFiles,
fx-ec3d6bf536bb5d65,RESIDUAL_BINARY_AFTER_UPDATE,residual_old_binary,FILE_VERSION,VULNERABILITY,D_FILE_VERSION,NONE,0,1,PREDICTED_FROM_CONTRACTS,,,machine,ProgramFiles,
fx-ec3d6bf536bb5d65,RESIDUAL_BINARY_AFTER_UPDATE,residual_old_binary,FILE_VERSION,VULNERABILITY,E_SERVICE_TASK,DECLARED_GAP,0,0,PREDICTED_FROM_CONTRACTS,,,machine,ProgramFiles,
fx-ec3d6bf536bb5d65,RESIDUAL_BINARY_AFTER_UPDATE,residual_old_binary,FILE_VERSION,VULNERABILITY,F_COMPOSITE_ACTIVE,NONE,0,1,PREDICTED_FROM_CONTRACTS,,,machine,ProgramFiles,
fx-ec3d6bf536bb5d65,RESIDUAL_BINARY_AFTER_UPDATE,residual_old_binary,FILE_VERSION,VULNERABILITY,X_INTUNE_EXPORT,DECLARED_GAP,0,0,PREDICTED_FROM_CONTRACTS,,,machine,ProgramFiles,
fx-ec3d6bf536bb5d65,RESIDUAL_BINARY_AFTER_UPDATE,residual_old_binary,FILE_VERSION,VULNERABILITY,X_DEFENDER_EXPORT,NONE,0,1,PREDICTED_FROM_CONTRACTS,,,machine,ProgramFiles,
fx-ec3d6bf536bb5d65,RESIDUAL_BINARY_AFTER_UPDATE,residual_old_binary,FILE_VERSION,VULNERABILITY,X_TENABLE_EXPORT,NONE,0,1,PREDICTED_FROM_CONTRACTS,,,machine,ProgramFiles,
fx-ec3d6bf536bb5d65,RESIDUAL_BINARY_AFTER_UPDATE,residual_old_binary,FILE_VERSION,VULNERABILITY,X_SCCM_EXPORT,NONE,0,1,PREDICTED_FROM_CONTRACTS,,,machine,ProgramFiles,
fx-5399cd9fd17d3dbf,DISABLED_SERVICE_WITH_RESTART_MECHANISM,service_current_state,SERVICE_STATE,VULNERABILITY,A_UNINSTALL_REGISTRY,DECLARED_GAP,0,0,PREDICTED_FROM_CONTRACTS,,,machine,,
fx-5399cd9fd17d3dbf,DISABLED_SERVICE_WITH_RESTART_MECHANISM,restart_task,SCHEDULED_TASK,PERSISTENCE,A_UNINSTALL_REGISTRY,DECLARED_GAP,0,0,PREDICTED_FROM_CONTRACTS,,,machine,,
fx-5399cd9fd17d3dbf,DISABLED_SERVICE_WITH_RESTART_MECHANISM,service_current_state,SERVICE_STATE,VULNERABILITY,B_EXPANDED_REGISTRY,DECLARED_GAP,0,0,PREDICTED_FROM_CONTRACTS,,,machine,,
fx-5399cd9fd17d3dbf,DISABLED_SERVICE_WITH_RESTART_MECHANISM,restart_task,SCHEDULED_TASK,PERSISTENCE,B_EXPANDED_REGISTRY,DECLARED_GAP,0,0,PREDICTED_FROM_CONTRACTS,,,machine,,
fx-5399cd9fd17d3dbf,DISABLED_SERVICE_WITH_RESTART_MECHANISM,service_current_state,SERVICE_STATE,VULNERABILITY,C_PACKAGE_PROVIDER,DECLARED_GAP,0,0,PREDICTED_FROM_CONTRACTS,,,machine,,
fx-5399cd9fd17d3dbf,DISABLED_SERVICE_WITH_RESTART_MECHANISM,restart_task,SCHEDULED_TASK,PERSISTENCE,C_PACKAGE_PROVIDER,DECLARED_GAP,0,0,PREDICTED_FROM_CONTRACTS,,,machine,,
fx-5399cd9fd17d3dbf,DISABLED_SERVICE_WITH_RESTART_MECHANISM,service_current_state,SERVICE_STATE,VULNERABILITY,D_FILE_VERSION,DECLARED_GAP,0,0,PREDICTED_FROM_CONTRACTS,,,machine,,
fx-5399cd9fd17d3dbf,DISABLED_SERVICE_WITH_RESTART_MECHANISM,restart_task,SCHEDULED_TASK,PERSISTENCE,D_FILE_VERSION,DECLARED_GAP,0,0,PREDICTED_FROM_CONTRACTS,,,machine,,
fx-5399cd9fd17d3dbf,DISABLED_SERVICE_WITH_RESTART_MECHANISM,service_current_state,SERVICE_STATE,VULNERABILITY,E_SERVICE_TASK,NONE,1,1,PREDICTED_FROM_CONTRACTS,,,machine,,
fx-5399cd9fd17d3dbf,DISABLED_SERVICE_WITH_RESTART_MECHANISM,restart_task,SCHEDULED_TASK,PERSISTENCE,E_SERVICE_TASK,NONE,1,1,PREDICTED_FROM_CONTRACTS,,,machine,,
fx-5399cd9fd17d3dbf,DISABLED_SERVICE_WITH_RESTART_MECHANISM,service_current_state,SERVICE_STATE,VULNERABILITY,F_COMPOSITE_ACTIVE,NONE,0,1,PREDICTED_FROM_CONTRACTS,,,machine,,
fx-5399cd9fd17d3dbf,DISABLED_SERVICE_WITH_RESTART_MECHANISM,restart_task,SCHEDULED_TASK,PERSISTENCE,F_COMPOSITE_ACTIVE,NONE,0,1,PREDICTED_FROM_CONTRACTS,,,machine,,
fx-5399cd9fd17d3dbf,DISABLED_SERVICE_WITH_RESTART_MECHANISM,service_current_state,SERVICE_STATE,VULNERABILITY,X_INTUNE_EXPORT,DECLARED_GAP,0,0,PREDICTED_FROM_CONTRACTS,,,machine,,
fx-5399cd9fd17d3dbf,DISABLED_SERVICE_WITH_RESTART_MECHANISM,restart_task,SCHEDULED_TASK,PERSISTENCE,X_INTUNE_EXPORT,DECLARED_GAP,0,0,PREDICTED_FROM_CONTRACTS,,,machine,,
fx-5399cd9fd17d3dbf,DISABLED_SERVICE_WITH_RESTART_MECHANISM,service_current_state,SERVICE_STATE,VULNERABILITY,X_DEFENDER_EXPORT,DECLARED_GAP,0,0,PREDICTED_FROM_CONTRACTS,,,machine,,
fx-5399cd9fd17d3dbf,DISABLED_SERVICE_WITH_RESTART_MECHANISM,restart_task,SCHEDULED_TASK,PERSISTENCE,X_DEFENDER_EXPORT,DECLARED_GAP,0,0,PREDICTED_FROM_CONTRACTS,,,machine,,
fx-5399cd9fd17d3dbf,DISABLED_SERVICE_WITH_RESTART_MECHANISM,service_current_state,SERVICE_STATE,VULNERABILITY,X_TENABLE_EXPORT,DECLARED_GAP,0,0,PREDICTED_FROM_CONTRACTS,,,machine,,
fx-5399cd9fd17d3dbf,DISABLED_SERVICE_WITH_RESTART_MECHANISM,restart_task,SCHEDULED_TASK,PERSISTENCE,X_TENABLE_EXPORT,DECLARED_GAP,0,0,PREDICTED_FROM_CONTRACTS,,,machine,,
fx-5399cd9fd17d3dbf,DISABLED_SERVICE_WITH_RESTART_MECHANISM,service_current_state,SERVICE_STATE,VULNERABILITY,X_SCCM_EXPORT,DECLARED_GAP,0,0,PREDICTED_FROM_CONTRACTS,,,machine,,
fx-5399cd9fd17d3dbf,DISABLED_SERVICE_WITH_RESTART_MECHANISM,restart_task,SCHEDULED_TASK,PERSISTENCE,X_SCCM_EXPORT,DECLARED_GAP,0,0,PREDICTED_FROM_CONTRACTS,,,machine,,
fx-39a5010b9588ad25,DISABLED_SERVICE_WITH_RESTART_MECHANISM,service_current_state,SERVICE_STATE,VULNERABILITY,A_UNINSTALL_REGISTRY,DECLARED_GAP,0,0,PREDICTED_FROM_CONTRACTS,,,machine,,
fx-39a5010b9588ad25,DISABLED_SERVICE_WITH_RESTART_MECHANISM,restart_task,SCHEDULED_TASK,PERSISTENCE,A_UNINSTALL_REGISTRY,DECLARED_GAP,0,0,PREDICTED_FROM_CONTRACTS,,,machine,,
fx-39a5010b9588ad25,DISABLED_SERVICE_WITH_RESTART_MECHANISM,dependent_app_health,APPLICATION_HEALTH,REGRESSION,A_UNINSTALL_REGISTRY,DECLARED_GAP,0,0,PREDICTED_FROM_CONTRACTS,,,machine,,
fx-39a5010b9588ad25,DISABLED_SERVICE_WITH_RESTART_MECHANISM,service_current_state,SERVICE_STATE,VULNERABILITY,B_EXPANDED_REGISTRY,DECLARED_GAP,0,0,PREDICTED_FROM_CONTRACTS,,,machine,,
fx-39a5010b9588ad25,DISABLED_SERVICE_WITH_RESTART_MECHANISM,restart_task,SCHEDULED_TASK,PERSISTENCE,B_EXPANDED_REGISTRY,DECLARED_GAP,0,0,PREDICTED_FROM_CONTRACTS,,,machine,,
fx-39a5010b9588ad25,DISABLED_SERVICE_WITH_RESTART_MECHANISM,dependent_app_health,APPLICATION_HEALTH,REGRESSION,B_EXPANDED_REGISTRY,DECLARED_GAP,0,0,PREDICTED_FROM_CONTRACTS,,,machine,,
fx-39a5010b9588ad25,DISABLED_SERVICE_WITH_RESTART_MECHANISM,service_current_state,SERVICE_STATE,VULNERABILITY,C_PACKAGE_PROVIDER,DECLARED_GAP,0,0,PREDICTED_FROM_CONTRACTS,,,machine,,
fx-39a5010b9588ad25,DISABLED_SERVICE_WITH_RESTART_MECHANISM,restart_task,SCHEDULED_TASK,PERSISTENCE,C_PACKAGE_PROVIDER,DECLARED_GAP,0,0,PREDICTED_FROM_CONTRACTS,,,machine,,
fx-39a5010b9588ad25,DISABLED_SERVICE_WITH_RESTART_MECHANISM,dependent_app_health,APPLICATION_HEALTH,REGRESSION,C_PACKAGE_PROVIDER,DECLARED_GAP,0,0,PREDICTED_FROM_CONTRACTS,,,machine,,
fx-39a5010b9588ad25,DISABLED_SERVICE_WITH_RESTART_MECHANISM,service_current_state,SERVICE_STATE,VULNERABILITY,D_FILE_VERSION,DECLARED_GAP,0,0,PREDICTED_FROM_CONTRACTS,,,machine,,
fx-39a5010b9588ad25,DISABLED_SERVICE_WITH_RESTART_MECHANISM,restart_task,SCHEDULED_TASK,PERSISTENCE,D_FILE_VERSION,DECLARED_GAP,0,0,PREDICTED_FROM_CONTRACTS,,,machine,,
fx-39a5010b9588ad25,DISABLED_SERVICE_WITH_RESTART_MECHANISM,dependent_app_health,APPLICATION_HEALTH,REGRESSION,D_FILE_VERSION,DECLARED_GAP,0,0,PREDICTED_FROM_CONTRACTS,,,machine,,
fx-39a5010b9588ad25,DISABLED_SERVICE_WITH_RESTART_MECHANISM,service_current_state,SERVICE_STATE,VULNERABILITY,E_SERVICE_TASK,NONE,1,1,PREDICTED_FROM_CONTRACTS,,,machine,,
fx-39a5010b9588ad25,DISABLED_SERVICE_WITH_RESTART_MECHANISM,restart_task,SCHEDULED_TASK,PERSISTENCE,E_SERVICE_TASK,NONE,1,1,PREDICTED_FROM_CONTRACTS,,,machine,,
fx-39a5010b9588ad25,DISABLED_SERVICE_WITH_RESTART_MECHANISM,dependent_app_health,APPLICATION_HEALTH,REGRESSION,E_SERVICE_TASK,DECLARED_GAP,0,0,PREDICTED_FROM_CONTRACTS,,,machine,,
fx-39a5010b9588ad25,DISABLED_SERVICE_WITH_RESTART_MECHANISM,service_current_state,SERVICE_STATE,VULNERABILITY,F_COMPOSITE_ACTIVE,NONE,0,1,PREDICTED_FROM_CONTRACTS,,,machine,,
fx-39a5010b9588ad25,DISABLED_SERVICE_WITH_RESTART_MECHANISM,restart_task,SCHEDULED_TASK,PERSISTENCE,F_COMPOSITE_ACTIVE,NONE,0,1,PREDICTED_FROM_CONTRACTS,,,machine,,
fx-39a5010b9588ad25,DISABLED_SERVICE_WITH_RESTART_MECHANISM,dependent_app_health,APPLICATION_HEALTH,REGRESSION,F_COMPOSITE_ACTIVE,DECLARED_GAP,0,0,PREDICTED_FROM_CONTRACTS,,,machine,,
fx-39a5010b9588ad25,DISABLED_SERVICE_WITH_RESTART_MECHANISM,service_current_state,SERVICE_STATE,VULNERABILITY,X_INTUNE_EXPORT,DECLARED_GAP,0,0,PREDICTED_FROM_CONTRACTS,,,machine,,
fx-39a5010b9588ad25,DISABLED_SERVICE_WITH_RESTART_MECHANISM,restart_task,SCHEDULED_TASK,PERSISTENCE,X_INTUNE_EXPORT,DECLARED_GAP,0,0,PREDICTED_FROM_CONTRACTS,,,machine,,
fx-39a5010b9588ad25,DISABLED_SERVICE_WITH_RESTART_MECHANISM,dependent_app_health,APPLICATION_HEALTH,REGRESSION,X_INTUNE_EXPORT,DECLARED_GAP,0,0,PREDICTED_FROM_CONTRACTS,,,machine,,
fx-39a5010b9588ad25,DISABLED_SERVICE_WITH_RESTART_MECHANISM,service_current_state,SERVICE_STATE,VULNERABILITY,X_DEFENDER_EXPORT,DECLARED_GAP,0,0,PREDICTED_FROM_CONTRACTS,,,machine,,
fx-39a5010b9588ad25,DISABLED_SERVICE_WITH_RESTART_MECHANISM,restart_task,SCHEDULED_TASK,PERSISTENCE,X_DEFENDER_EXPORT,DECLARED_GAP,0,0,PREDICTED_FROM_CONTRACTS,,,machine,,
fx-39a5010b9588ad25,DISABLED_SERVICE_WITH_RESTART_MECHANISM,dependent_app_health,APPLICATION_HEALTH,REGRESSION,X_DEFENDER_EXPORT,DECLARED_GAP,0,0,PREDICTED_FROM_CONTRACTS,,,machine,,
fx-39a5010b9588ad25,DISABLED_SERVICE_WITH_RESTART_MECHANISM,service_current_state,SERVICE_STATE,VULNERABILITY,X_TENABLE_EXPORT,DECLARED_GAP,0,0,PREDICTED_FROM_CONTRACTS,,,machine,,
fx-39a5010b9588ad25,DISABLED_SERVICE_WITH_RESTART_MECHANISM,restart_task,SCHEDULED_TASK,PERSISTENCE,X_TENABLE_EXPORT,DECLARED_GAP,0,0,PREDICTED_FROM_CONTRACTS,,,machine,,
fx-39a5010b9588ad25,DISABLED_SERVICE_WITH_RESTART_MECHANISM,dependent_app_health,APPLICATION_HEALTH,REGRESSION,X_TENABLE_EXPORT,DECLARED_GAP,0,0,PREDICTED_FROM_CONTRACTS,,,machine,,
fx-39a5010b9588ad25,DISABLED_SERVICE_WITH_RESTART_MECHANISM,service_current_state,SERVICE_STATE,VULNERABILITY,X_SCCM_EXPORT,DECLARED_GAP,0,0,PREDICTED_FROM_CONTRACTS,,,machine,,
fx-39a5010b9588ad25,DISABLED_SERVICE_WITH_RESTART_MECHANISM,restart_task,SCHEDULED_TASK,PERSISTENCE,X_SCCM_EXPORT,DECLARED_GAP,0,0,PREDICTED_FROM_CONTRACTS,,,machine,,
fx-39a5010b9588ad25,DISABLED_SERVICE_WITH_RESTART_MECHANISM,dependent_app_health,APPLICATION_HEALTH,REGRESSION,X_SCCM_EXPORT,DECLARED_GAP,0,0,PREDICTED_FROM_CONTRACTS,,,machine,,
fx-2bd9a8f9c2cce53d,SERVICE_STATE_DIFFERS_ACROSS_REBOOT,service_startup_type,PERSISTENCE_STATE,PERSISTENCE,A_UNINSTALL_REGISTRY,DECLARED_GAP,0,0,PREDICTED_FROM_CONTRACTS,,,machine,,
fx-2bd9a8f9c2cce53d,SERVICE_STATE_DIFFERS_ACROSS_REBOOT,service_startup_type,PERSISTENCE_STATE,PERSISTENCE,B_EXPANDED_REGISTRY,DECLARED_GAP,0,0,PREDICTED_FROM_CONTRACTS,,,machine,,
fx-2bd9a8f9c2cce53d,SERVICE_STATE_DIFFERS_ACROSS_REBOOT,service_startup_type,PERSISTENCE_STATE,PERSISTENCE,C_PACKAGE_PROVIDER,DECLARED_GAP,0,0,PREDICTED_FROM_CONTRACTS,,,machine,,
fx-2bd9a8f9c2cce53d,SERVICE_STATE_DIFFERS_ACROSS_REBOOT,service_startup_type,PERSISTENCE_STATE,PERSISTENCE,D_FILE_VERSION,DECLARED_GAP,0,0,PREDICTED_FROM_CONTRACTS,,,machine,,
fx-2bd9a8f9c2cce53d,SERVICE_STATE_DIFFERS_ACROSS_REBOOT,service_startup_type,PERSISTENCE_STATE,PERSISTENCE,E_SERVICE_TASK,NONE,1,1,PREDICTED_FROM_CONTRACTS,,,machine,,
fx-2bd9a8f9c2cce53d,SERVICE_STATE_DIFFERS_ACROSS_REBOOT,service_startup_type,PERSISTENCE_STATE,PERSISTENCE,F_COMPOSITE_ACTIVE,NONE,0,1,PREDICTED_FROM_CONTRACTS,,,machine,,
fx-2bd9a8f9c2cce53d,SERVICE_STATE_DIFFERS_ACROSS_REBOOT,service_startup_type,PERSISTENCE_STATE,PERSISTENCE,X_INTUNE_EXPORT,DECLARED_GAP,0,0,PREDICTED_FROM_CONTRACTS,,,machine,,
fx-2bd9a8f9c2cce53d,SERVICE_STATE_DIFFERS_ACROSS_REBOOT,service_startup_type,PERSISTENCE_STATE,PERSISTENCE,X_DEFENDER_EXPORT,DECLARED_GAP,0,0,PREDICTED_FROM_CONTRACTS,,,machine,,
fx-2bd9a8f9c2cce53d,SERVICE_STATE_DIFFERS_ACROSS_REBOOT,service_startup_type,PERSISTENCE_STATE,PERSISTENCE,X_TENABLE_EXPORT,DECLARED_GAP,0,0,PREDICTED_FROM_CONTRACTS,,,machine,,
fx-2bd9a8f9c2cce53d,SERVICE_STATE_DIFFERS_ACROSS_REBOOT,service_startup_type,PERSISTENCE_STATE,PERSISTENCE,X_SCCM_EXPORT,DECLARED_GAP,0,0,PREDICTED_FROM_CONTRACTS,,,machine,,
fx-065929083d4ec51a,SERVICE_STATE_DIFFERS_ACROSS_REBOOT,service_startup_type,PERSISTENCE_STATE,PERSISTENCE,A_UNINSTALL_REGISTRY,DECLARED_GAP,0,0,PREDICTED_FROM_CONTRACTS,,,machine,,
fx-065929083d4ec51a,SERVICE_STATE_DIFFERS_ACROSS_REBOOT,service_startup_type,PERSISTENCE_STATE,PERSISTENCE,B_EXPANDED_REGISTRY,DECLARED_GAP,0,0,PREDICTED_FROM_CONTRACTS,,,machine,,
fx-065929083d4ec51a,SERVICE_STATE_DIFFERS_ACROSS_REBOOT,service_startup_type,PERSISTENCE_STATE,PERSISTENCE,C_PACKAGE_PROVIDER,DECLARED_GAP,0,0,PREDICTED_FROM_CONTRACTS,,,machine,,
fx-065929083d4ec51a,SERVICE_STATE_DIFFERS_ACROSS_REBOOT,service_startup_type,PERSISTENCE_STATE,PERSISTENCE,D_FILE_VERSION,DECLARED_GAP,0,0,PREDICTED_FROM_CONTRACTS,,,machine,,
fx-065929083d4ec51a,SERVICE_STATE_DIFFERS_ACROSS_REBOOT,service_startup_type,PERSISTENCE_STATE,PERSISTENCE,E_SERVICE_TASK,NONE,1,1,PREDICTED_FROM_CONTRACTS,,,machine,,
fx-065929083d4ec51a,SERVICE_STATE_DIFFERS_ACROSS_REBOOT,service_startup_type,PERSISTENCE_STATE,PERSISTENCE,F_COMPOSITE_ACTIVE,NONE,0,1,PREDICTED_FROM_CONTRACTS,,,machine,,
fx-065929083d4ec51a,SERVICE_STATE_DIFFERS_ACROSS_REBOOT,service_startup_type,PERSISTENCE_STATE,PERSISTENCE,X_INTUNE_EXPORT,DECLARED_GAP,0,0,PREDICTED_FROM_CONTRACTS,,,machine,,
fx-065929083d4ec51a,SERVICE_STATE_DIFFERS_ACROSS_REBOOT,service_startup_type,PERSISTENCE_STATE,PERSISTENCE,X_DEFENDER_EXPORT,DECLARED_GAP,0,0,PREDICTED_FROM_CONTRACTS,,,machine,,
fx-065929083d4ec51a,SERVICE_STATE_DIFFERS_ACROSS_REBOOT,service_startup_type,PERSISTENCE_STATE,PERSISTENCE,X_TENABLE_EXPORT,DECLARED_GAP,0,0,PREDICTED_FROM_CONTRACTS,,,machine,,
fx-065929083d4ec51a,SERVICE_STATE_DIFFERS_ACROSS_REBOOT,service_startup_type,PERSISTENCE_STATE,PERSISTENCE,X_SCCM_EXPORT,DECLARED_GAP,0,0,PREDICTED_FROM_CONTRACTS,,,machine,,
fx-c0ce97aa41f8d7af,SCHEDULED_TASK_RECREATES_COMPONENT,recreate_task,SCHEDULED_TASK,PERSISTENCE,A_UNINSTALL_REGISTRY,DECLARED_GAP,0,0,PREDICTED_FROM_CONTRACTS,,,machine,,
fx-c0ce97aa41f8d7af,SCHEDULED_TASK_RECREATES_COMPONENT,recreate_task,SCHEDULED_TASK,PERSISTENCE,B_EXPANDED_REGISTRY,DECLARED_GAP,0,0,PREDICTED_FROM_CONTRACTS,,,machine,,
fx-c0ce97aa41f8d7af,SCHEDULED_TASK_RECREATES_COMPONENT,recreate_task,SCHEDULED_TASK,PERSISTENCE,C_PACKAGE_PROVIDER,DECLARED_GAP,0,0,PREDICTED_FROM_CONTRACTS,,,machine,,
fx-c0ce97aa41f8d7af,SCHEDULED_TASK_RECREATES_COMPONENT,recreate_task,SCHEDULED_TASK,PERSISTENCE,D_FILE_VERSION,DECLARED_GAP,0,0,PREDICTED_FROM_CONTRACTS,,,machine,,
fx-c0ce97aa41f8d7af,SCHEDULED_TASK_RECREATES_COMPONENT,recreate_task,SCHEDULED_TASK,PERSISTENCE,E_SERVICE_TASK,NONE,1,1,PREDICTED_FROM_CONTRACTS,,,machine,,
fx-c0ce97aa41f8d7af,SCHEDULED_TASK_RECREATES_COMPONENT,recreate_task,SCHEDULED_TASK,PERSISTENCE,F_COMPOSITE_ACTIVE,NONE,0,1,PREDICTED_FROM_CONTRACTS,,,machine,,
fx-c0ce97aa41f8d7af,SCHEDULED_TASK_RECREATES_COMPONENT,recreate_task,SCHEDULED_TASK,PERSISTENCE,X_INTUNE_EXPORT,DECLARED_GAP,0,0,PREDICTED_FROM_CONTRACTS,,,machine,,
fx-c0ce97aa41f8d7af,SCHEDULED_TASK_RECREATES_COMPONENT,recreate_task,SCHEDULED_TASK,PERSISTENCE,X_DEFENDER_EXPORT,DECLARED_GAP,0,0,PREDICTED_FROM_CONTRACTS,,,machine,,
fx-c0ce97aa41f8d7af,SCHEDULED_TASK_RECREATES_COMPONENT,recreate_task,SCHEDULED_TASK,PERSISTENCE,X_TENABLE_EXPORT,DECLARED_GAP,0,0,PREDICTED_FROM_CONTRACTS,,,machine,,
fx-c0ce97aa41f8d7af,SCHEDULED_TASK_RECREATES_COMPONENT,recreate_task,SCHEDULED_TASK,PERSISTENCE,X_SCCM_EXPORT,DECLARED_GAP,0,0,PREDICTED_FROM_CONTRACTS,,,machine,,
fx-3a5954b175ce89f1,SCHEDULED_TASK_RECREATES_COMPONENT,recreate_task,SCHEDULED_TASK,PERSISTENCE,A_UNINSTALL_REGISTRY,DECLARED_GAP,0,0,PREDICTED_FROM_CONTRACTS,,,machine,,
fx-3a5954b175ce89f1,SCHEDULED_TASK_RECREATES_COMPONENT,recreate_task,SCHEDULED_TASK,PERSISTENCE,B_EXPANDED_REGISTRY,DECLARED_GAP,0,0,PREDICTED_FROM_CONTRACTS,,,machine,,
fx-3a5954b175ce89f1,SCHEDULED_TASK_RECREATES_COMPONENT,recreate_task,SCHEDULED_TASK,PERSISTENCE,C_PACKAGE_PROVIDER,DECLARED_GAP,0,0,PREDICTED_FROM_CONTRACTS,,,machine,,
fx-3a5954b175ce89f1,SCHEDULED_TASK_RECREATES_COMPONENT,recreate_task,SCHEDULED_TASK,PERSISTENCE,D_FILE_VERSION,DECLARED_GAP,0,0,PREDICTED_FROM_CONTRACTS,,,machine,,
fx-3a5954b175ce89f1,SCHEDULED_TASK_RECREATES_COMPONENT,recreate_task,SCHEDULED_TASK,PERSISTENCE,E_SERVICE_TASK,NONE,1,1,PREDICTED_FROM_CONTRACTS,,,machine,,
fx-3a5954b175ce89f1,SCHEDULED_TASK_RECREATES_COMPONENT,recreate_task,SCHEDULED_TASK,PERSISTENCE,F_COMPOSITE_ACTIVE,NONE,0,1,PREDICTED_FROM_CONTRACTS,,,machine,,
fx-3a5954b175ce89f1,SCHEDULED_TASK_RECREATES_COMPONENT,recreate_task,SCHEDULED_TASK,PERSISTENCE,X_INTUNE_EXPORT,DECLARED_GAP,0,0,PREDICTED_FROM_CONTRACTS,,,machine,,
fx-3a5954b175ce89f1,SCHEDULED_TASK_RECREATES_COMPONENT,recreate_task,SCHEDULED_TASK,PERSISTENCE,X_DEFENDER_EXPORT,DECLARED_GAP,0,0,PREDICTED_FROM_CONTRACTS,,,machine,,
fx-3a5954b175ce89f1,SCHEDULED_TASK_RECREATES_COMPONENT,recreate_task,SCHEDULED_TASK,PERSISTENCE,X_TENABLE_EXPORT,DECLARED_GAP,0,0,PREDICTED_FROM_CONTRACTS,,,machine,,
fx-3a5954b175ce89f1,SCHEDULED_TASK_RECREATES_COMPONENT,recreate_task,SCHEDULED_TASK,PERSISTENCE,X_SCCM_EXPORT,DECLARED_GAP,0,0,PREDICTED_FROM_CONTRACTS,,,machine,,
fx-3637be0b35f5ae90,REGISTRY_SPLIT_ACROSS_VIEWS_OR_HIVES,wow_policy_value,REGISTRY_VALUE,VULNERABILITY,A_UNINSTALL_REGISTRY,DECLARED_GAP,0,0,PREDICTED_FROM_CONTRACTS,Registry32,HKLM,machine,,
fx-3637be0b35f5ae90,REGISTRY_SPLIT_ACROSS_VIEWS_OR_HIVES,wow_policy_value,REGISTRY_VALUE,VULNERABILITY,B_EXPANDED_REGISTRY,NONE,0,1,PREDICTED_FROM_CONTRACTS,Registry32,HKLM,machine,,
fx-3637be0b35f5ae90,REGISTRY_SPLIT_ACROSS_VIEWS_OR_HIVES,wow_policy_value,REGISTRY_VALUE,VULNERABILITY,C_PACKAGE_PROVIDER,DECLARED_GAP,0,0,PREDICTED_FROM_CONTRACTS,Registry32,HKLM,machine,,
fx-3637be0b35f5ae90,REGISTRY_SPLIT_ACROSS_VIEWS_OR_HIVES,wow_policy_value,REGISTRY_VALUE,VULNERABILITY,D_FILE_VERSION,DECLARED_GAP,0,0,PREDICTED_FROM_CONTRACTS,Registry32,HKLM,machine,,
fx-3637be0b35f5ae90,REGISTRY_SPLIT_ACROSS_VIEWS_OR_HIVES,wow_policy_value,REGISTRY_VALUE,VULNERABILITY,E_SERVICE_TASK,DECLARED_GAP,0,0,PREDICTED_FROM_CONTRACTS,Registry32,HKLM,machine,,
fx-3637be0b35f5ae90,REGISTRY_SPLIT_ACROSS_VIEWS_OR_HIVES,wow_policy_value,REGISTRY_VALUE,VULNERABILITY,F_COMPOSITE_ACTIVE,NONE,0,1,PREDICTED_FROM_CONTRACTS,Registry32,HKLM,machine,,
fx-3637be0b35f5ae90,REGISTRY_SPLIT_ACROSS_VIEWS_OR_HIVES,wow_policy_value,REGISTRY_VALUE,VULNERABILITY,X_INTUNE_EXPORT,DECLARED_GAP,0,0,PREDICTED_FROM_CONTRACTS,Registry32,HKLM,machine,,
fx-3637be0b35f5ae90,REGISTRY_SPLIT_ACROSS_VIEWS_OR_HIVES,wow_policy_value,REGISTRY_VALUE,VULNERABILITY,X_DEFENDER_EXPORT,DECLARED_GAP,0,0,PREDICTED_FROM_CONTRACTS,Registry32,HKLM,machine,,
fx-3637be0b35f5ae90,REGISTRY_SPLIT_ACROSS_VIEWS_OR_HIVES,wow_policy_value,REGISTRY_VALUE,VULNERABILITY,X_TENABLE_EXPORT,NONE,0,1,PREDICTED_FROM_CONTRACTS,Registry32,HKLM,machine,,
fx-3637be0b35f5ae90,REGISTRY_SPLIT_ACROSS_VIEWS_OR_HIVES,wow_policy_value,REGISTRY_VALUE,VULNERABILITY,X_SCCM_EXPORT,DECLARED_GAP,0,0,PREDICTED_FROM_CONTRACTS,Registry32,HKLM,machine,,
fx-1603910eaba2d7e7,REGISTRY_SPLIT_ACROSS_VIEWS_OR_HIVES,wow_policy_value,REGISTRY_VALUE,VULNERABILITY,A_UNINSTALL_REGISTRY,DECLARED_GAP,0,0,PREDICTED_FROM_CONTRACTS,Registry32,HKLM,machine,,
fx-1603910eaba2d7e7,REGISTRY_SPLIT_ACROSS_VIEWS_OR_HIVES,wow_policy_value,REGISTRY_VALUE,VULNERABILITY,B_EXPANDED_REGISTRY,NONE,0,1,PREDICTED_FROM_CONTRACTS,Registry32,HKLM,machine,,
fx-1603910eaba2d7e7,REGISTRY_SPLIT_ACROSS_VIEWS_OR_HIVES,wow_policy_value,REGISTRY_VALUE,VULNERABILITY,C_PACKAGE_PROVIDER,DECLARED_GAP,0,0,PREDICTED_FROM_CONTRACTS,Registry32,HKLM,machine,,
fx-1603910eaba2d7e7,REGISTRY_SPLIT_ACROSS_VIEWS_OR_HIVES,wow_policy_value,REGISTRY_VALUE,VULNERABILITY,D_FILE_VERSION,DECLARED_GAP,0,0,PREDICTED_FROM_CONTRACTS,Registry32,HKLM,machine,,
fx-1603910eaba2d7e7,REGISTRY_SPLIT_ACROSS_VIEWS_OR_HIVES,wow_policy_value,REGISTRY_VALUE,VULNERABILITY,E_SERVICE_TASK,DECLARED_GAP,0,0,PREDICTED_FROM_CONTRACTS,Registry32,HKLM,machine,,
fx-1603910eaba2d7e7,REGISTRY_SPLIT_ACROSS_VIEWS_OR_HIVES,wow_policy_value,REGISTRY_VALUE,VULNERABILITY,F_COMPOSITE_ACTIVE,NONE,0,1,PREDICTED_FROM_CONTRACTS,Registry32,HKLM,machine,,
fx-1603910eaba2d7e7,REGISTRY_SPLIT_ACROSS_VIEWS_OR_HIVES,wow_policy_value,REGISTRY_VALUE,VULNERABILITY,X_INTUNE_EXPORT,DECLARED_GAP,0,0,PREDICTED_FROM_CONTRACTS,Registry32,HKLM,machine,,
fx-1603910eaba2d7e7,REGISTRY_SPLIT_ACROSS_VIEWS_OR_HIVES,wow_policy_value,REGISTRY_VALUE,VULNERABILITY,X_DEFENDER_EXPORT,DECLARED_GAP,0,0,PREDICTED_FROM_CONTRACTS,Registry32,HKLM,machine,,
fx-1603910eaba2d7e7,REGISTRY_SPLIT_ACROSS_VIEWS_OR_HIVES,wow_policy_value,REGISTRY_VALUE,VULNERABILITY,X_TENABLE_EXPORT,NONE,0,1,PREDICTED_FROM_CONTRACTS,Registry32,HKLM,machine,,
fx-1603910eaba2d7e7,REGISTRY_SPLIT_ACROSS_VIEWS_OR_HIVES,wow_policy_value,REGISTRY_VALUE,VULNERABILITY,X_SCCM_EXPORT,DECLARED_GAP,0,0,PREDICTED_FROM_CONTRACTS,Registry32,HKLM,machine,,
fx-6b982ad56d8ea88a,OFFLINE_OR_UNLOADED_USER_HIVE,offline_hive_entry,PACKAGE_INVENTORY,VULNERABILITY,A_UNINSTALL_REGISTRY,COLLECTION_ERROR,1,0,PREDICTED_FROM_CONTRACTS,Registry64,HKU,other_user_offline,,arp_user
fx-6b982ad56d8ea88a,OFFLINE_OR_UNLOADED_USER_HIVE,offline_hive_entry,PACKAGE_INVENTORY,VULNERABILITY,B_EXPANDED_REGISTRY,COLLECTION_ERROR,0,0,PREDICTED_FROM_CONTRACTS,Registry64,HKU,other_user_offline,,arp_user
fx-6b982ad56d8ea88a,OFFLINE_OR_UNLOADED_USER_HIVE,offline_hive_entry,PACKAGE_INVENTORY,VULNERABILITY,C_PACKAGE_PROVIDER,COLLECTION_ERROR,1,0,PREDICTED_FROM_CONTRACTS,Registry64,HKU,other_user_offline,,arp_user
fx-6b982ad56d8ea88a,OFFLINE_OR_UNLOADED_USER_HIVE,offline_hive_entry,PACKAGE_INVENTORY,VULNERABILITY,D_FILE_VERSION,COLLECTION_ERROR,0,0,PREDICTED_FROM_CONTRACTS,Registry64,HKU,other_user_offline,,arp_user
fx-6b982ad56d8ea88a,OFFLINE_OR_UNLOADED_USER_HIVE,offline_hive_entry,PACKAGE_INVENTORY,VULNERABILITY,E_SERVICE_TASK,COLLECTION_ERROR,0,0,PREDICTED_FROM_CONTRACTS,Registry64,HKU,other_user_offline,,arp_user
fx-6b982ad56d8ea88a,OFFLINE_OR_UNLOADED_USER_HIVE,offline_hive_entry,PACKAGE_INVENTORY,VULNERABILITY,F_COMPOSITE_ACTIVE,DECLARED_GAP,0,0,PREDICTED_FROM_CONTRACTS,Registry64,HKU,other_user_offline,,arp_user
fx-6b982ad56d8ea88a,OFFLINE_OR_UNLOADED_USER_HIVE,offline_hive_entry,PACKAGE_INVENTORY,VULNERABILITY,X_INTUNE_EXPORT,COLLECTION_ERROR,1,0,PREDICTED_FROM_CONTRACTS,Registry64,HKU,other_user_offline,,arp_user
fx-6b982ad56d8ea88a,OFFLINE_OR_UNLOADED_USER_HIVE,offline_hive_entry,PACKAGE_INVENTORY,VULNERABILITY,X_DEFENDER_EXPORT,COLLECTION_ERROR,1,0,PREDICTED_FROM_CONTRACTS,Registry64,HKU,other_user_offline,,arp_user
fx-6b982ad56d8ea88a,OFFLINE_OR_UNLOADED_USER_HIVE,offline_hive_entry,PACKAGE_INVENTORY,VULNERABILITY,X_TENABLE_EXPORT,UNDECLARED_GAP,1,0,PREDICTED_FROM_CONTRACTS,Registry64,HKU,other_user_offline,,arp_user
fx-6b982ad56d8ea88a,OFFLINE_OR_UNLOADED_USER_HIVE,offline_hive_entry,PACKAGE_INVENTORY,VULNERABILITY,X_SCCM_EXPORT,COLLECTION_ERROR,1,0,PREDICTED_FROM_CONTRACTS,Registry64,HKU,other_user_offline,,arp_user
fx-e6a1b4cd0faf1471,OFFLINE_OR_UNLOADED_USER_HIVE,offline_hive_entry,PACKAGE_INVENTORY,VULNERABILITY,A_UNINSTALL_REGISTRY,COLLECTION_ERROR,1,0,PREDICTED_FROM_CONTRACTS,Registry64,HKU,other_user_offline,,arp_user
fx-e6a1b4cd0faf1471,OFFLINE_OR_UNLOADED_USER_HIVE,offline_hive_entry,PACKAGE_INVENTORY,VULNERABILITY,B_EXPANDED_REGISTRY,COLLECTION_ERROR,0,0,PREDICTED_FROM_CONTRACTS,Registry64,HKU,other_user_offline,,arp_user
fx-e6a1b4cd0faf1471,OFFLINE_OR_UNLOADED_USER_HIVE,offline_hive_entry,PACKAGE_INVENTORY,VULNERABILITY,C_PACKAGE_PROVIDER,COLLECTION_ERROR,1,0,PREDICTED_FROM_CONTRACTS,Registry64,HKU,other_user_offline,,arp_user
fx-e6a1b4cd0faf1471,OFFLINE_OR_UNLOADED_USER_HIVE,offline_hive_entry,PACKAGE_INVENTORY,VULNERABILITY,D_FILE_VERSION,COLLECTION_ERROR,0,0,PREDICTED_FROM_CONTRACTS,Registry64,HKU,other_user_offline,,arp_user
fx-e6a1b4cd0faf1471,OFFLINE_OR_UNLOADED_USER_HIVE,offline_hive_entry,PACKAGE_INVENTORY,VULNERABILITY,E_SERVICE_TASK,COLLECTION_ERROR,0,0,PREDICTED_FROM_CONTRACTS,Registry64,HKU,other_user_offline,,arp_user
fx-e6a1b4cd0faf1471,OFFLINE_OR_UNLOADED_USER_HIVE,offline_hive_entry,PACKAGE_INVENTORY,VULNERABILITY,F_COMPOSITE_ACTIVE,DECLARED_GAP,0,0,PREDICTED_FROM_CONTRACTS,Registry64,HKU,other_user_offline,,arp_user
fx-e6a1b4cd0faf1471,OFFLINE_OR_UNLOADED_USER_HIVE,offline_hive_entry,PACKAGE_INVENTORY,VULNERABILITY,X_INTUNE_EXPORT,COLLECTION_ERROR,1,0,PREDICTED_FROM_CONTRACTS,Registry64,HKU,other_user_offline,,arp_user
fx-e6a1b4cd0faf1471,OFFLINE_OR_UNLOADED_USER_HIVE,offline_hive_entry,PACKAGE_INVENTORY,VULNERABILITY,X_DEFENDER_EXPORT,COLLECTION_ERROR,1,0,PREDICTED_FROM_CONTRACTS,Registry64,HKU,other_user_offline,,arp_user
fx-e6a1b4cd0faf1471,OFFLINE_OR_UNLOADED_USER_HIVE,offline_hive_entry,PACKAGE_INVENTORY,VULNERABILITY,X_TENABLE_EXPORT,UNDECLARED_GAP,1,0,PREDICTED_FROM_CONTRACTS,Registry64,HKU,other_user_offline,,arp_user
fx-e6a1b4cd0faf1471,OFFLINE_OR_UNLOADED_USER_HIVE,offline_hive_entry,PACKAGE_INVENTORY,VULNERABILITY,X_SCCM_EXPORT,COLLECTION_ERROR,1,0,PREDICTED_FROM_CONTRACTS,Registry64,HKU,other_user_offline,,arp_user
fx-03fc102009ea0b6a,PERMISSION_DENIED_EVIDENCE_PATH,restricted_binary_version,FILE_VERSION,VULNERABILITY,A_UNINSTALL_REGISTRY,COLLECTION_ERROR,0,0,PREDICTED_FROM_CONTRACTS,,,machine,ProgramData,
fx-03fc102009ea0b6a,PERMISSION_DENIED_EVIDENCE_PATH,restricted_binary_version,FILE_VERSION,VULNERABILITY,B_EXPANDED_REGISTRY,COLLECTION_ERROR,0,0,PREDICTED_FROM_CONTRACTS,,,machine,ProgramData,
fx-03fc102009ea0b6a,PERMISSION_DENIED_EVIDENCE_PATH,restricted_binary_version,FILE_VERSION,VULNERABILITY,C_PACKAGE_PROVIDER,COLLECTION_ERROR,0,0,PREDICTED_FROM_CONTRACTS,,,machine,ProgramData,
fx-03fc102009ea0b6a,PERMISSION_DENIED_EVIDENCE_PATH,restricted_binary_version,FILE_VERSION,VULNERABILITY,D_FILE_VERSION,COLLECTION_ERROR,0,0,PREDICTED_FROM_CONTRACTS,,,machine,ProgramData,
fx-03fc102009ea0b6a,PERMISSION_DENIED_EVIDENCE_PATH,restricted_binary_version,FILE_VERSION,VULNERABILITY,E_SERVICE_TASK,COLLECTION_ERROR,0,0,PREDICTED_FROM_CONTRACTS,,,machine,ProgramData,
fx-03fc102009ea0b6a,PERMISSION_DENIED_EVIDENCE_PATH,restricted_binary_version,FILE_VERSION,VULNERABILITY,F_COMPOSITE_ACTIVE,NONE,0,1,PREDICTED_FROM_CONTRACTS,,,machine,ProgramData,
fx-03fc102009ea0b6a,PERMISSION_DENIED_EVIDENCE_PATH,restricted_binary_version,FILE_VERSION,VULNERABILITY,X_INTUNE_EXPORT,COLLECTION_ERROR,0,0,PREDICTED_FROM_CONTRACTS,,,machine,ProgramData,
fx-03fc102009ea0b6a,PERMISSION_DENIED_EVIDENCE_PATH,restricted_binary_version,FILE_VERSION,VULNERABILITY,X_DEFENDER_EXPORT,COLLECTION_ERROR,0,0,PREDICTED_FROM_CONTRACTS,,,machine,ProgramData,
fx-03fc102009ea0b6a,PERMISSION_DENIED_EVIDENCE_PATH,restricted_binary_version,FILE_VERSION,VULNERABILITY,X_TENABLE_EXPORT,NONE,0,1,PREDICTED_FROM_CONTRACTS,,,machine,ProgramData,
fx-03fc102009ea0b6a,PERMISSION_DENIED_EVIDENCE_PATH,restricted_binary_version,FILE_VERSION,VULNERABILITY,X_SCCM_EXPORT,COLLECTION_ERROR,0,0,PREDICTED_FROM_CONTRACTS,,,machine,ProgramData,
fx-5186606fd6667a86,PERMISSION_DENIED_EVIDENCE_PATH,restricted_binary_version,FILE_VERSION,VULNERABILITY,A_UNINSTALL_REGISTRY,COLLECTION_ERROR,0,0,PREDICTED_FROM_CONTRACTS,,,machine,ProgramData,
fx-5186606fd6667a86,PERMISSION_DENIED_EVIDENCE_PATH,restricted_binary_version,FILE_VERSION,VULNERABILITY,B_EXPANDED_REGISTRY,COLLECTION_ERROR,0,0,PREDICTED_FROM_CONTRACTS,,,machine,ProgramData,
fx-5186606fd6667a86,PERMISSION_DENIED_EVIDENCE_PATH,restricted_binary_version,FILE_VERSION,VULNERABILITY,C_PACKAGE_PROVIDER,COLLECTION_ERROR,0,0,PREDICTED_FROM_CONTRACTS,,,machine,ProgramData,
fx-5186606fd6667a86,PERMISSION_DENIED_EVIDENCE_PATH,restricted_binary_version,FILE_VERSION,VULNERABILITY,D_FILE_VERSION,COLLECTION_ERROR,0,0,PREDICTED_FROM_CONTRACTS,,,machine,ProgramData,
fx-5186606fd6667a86,PERMISSION_DENIED_EVIDENCE_PATH,restricted_binary_version,FILE_VERSION,VULNERABILITY,E_SERVICE_TASK,COLLECTION_ERROR,0,0,PREDICTED_FROM_CONTRACTS,,,machine,ProgramData,
fx-5186606fd6667a86,PERMISSION_DENIED_EVIDENCE_PATH,restricted_binary_version,FILE_VERSION,VULNERABILITY,F_COMPOSITE_ACTIVE,NONE,0,1,PREDICTED_FROM_CONTRACTS,,,machine,ProgramData,
fx-5186606fd6667a86,PERMISSION_DENIED_EVIDENCE_PATH,restricted_binary_version,FILE_VERSION,VULNERABILITY,X_INTUNE_EXPORT,COLLECTION_ERROR,0,0,PREDICTED_FROM_CONTRACTS,,,machine,ProgramData,
fx-5186606fd6667a86,PERMISSION_DENIED_EVIDENCE_PATH,restricted_binary_version,FILE_VERSION,VULNERABILITY,X_DEFENDER_EXPORT,COLLECTION_ERROR,0,0,PREDICTED_FROM_CONTRACTS,,,machine,ProgramData,
fx-5186606fd6667a86,PERMISSION_DENIED_EVIDENCE_PATH,restricted_binary_version,FILE_VERSION,VULNERABILITY,X_TENABLE_EXPORT,NONE,0,1,PREDICTED_FROM_CONTRACTS,,,machine,ProgramData,
fx-5186606fd6667a86,PERMISSION_DENIED_EVIDENCE_PATH,restricted_binary_version,FILE_VERSION,VULNERABILITY,X_SCCM_EXPORT,COLLECTION_ERROR,0,0,PREDICTED_FROM_CONTRACTS,,,machine,ProgramData,
fx-a89a080a02e7caa3,STALE_CACHED_INVENTORY,live_arp_state,PACKAGE_INVENTORY,VULNERABILITY,A_UNINSTALL_REGISTRY,NONE,1,1,PREDICTED_FROM_CONTRACTS,Registry64,HKLM,machine,,arp_machine
fx-a89a080a02e7caa3,STALE_CACHED_INVENTORY,live_arp_state,PACKAGE_INVENTORY,VULNERABILITY,B_EXPANDED_REGISTRY,NONE,0,1,PREDICTED_FROM_CONTRACTS,Registry64,HKLM,machine,,arp_machine
fx-a89a080a02e7caa3,STALE_CACHED_INVENTORY,live_arp_state,PACKAGE_INVENTORY,VULNERABILITY,C_PACKAGE_PROVIDER,NONE,1,1,PREDICTED_FROM_CONTRACTS,Registry64,HKLM,machine,,arp_machine
fx-a89a080a02e7caa3,STALE_CACHED_INVENTORY,live_arp_state,PACKAGE_INVENTORY,VULNERABILITY,D_FILE_VERSION,DECLARED_GAP,0,0,PREDICTED_FROM_CONTRACTS,Registry64,HKLM,machine,,arp_machine
fx-a89a080a02e7caa3,STALE_CACHED_INVENTORY,live_arp_state,PACKAGE_INVENTORY,VULNERABILITY,E_SERVICE_TASK,DECLARED_GAP,0,0,PREDICTED_FROM_CONTRACTS,Registry64,HKLM,machine,,arp_machine
fx-a89a080a02e7caa3,STALE_CACHED_INVENTORY,live_arp_state,PACKAGE_INVENTORY,VULNERABILITY,F_COMPOSITE_ACTIVE,NONE,0,1,PREDICTED_FROM_CONTRACTS,Registry64,HKLM,machine,,arp_machine
fx-a89a080a02e7caa3,STALE_CACHED_INVENTORY,live_arp_state,PACKAGE_INVENTORY,VULNERABILITY,X_INTUNE_EXPORT,NONE,1,1,PREDICTED_FROM_CONTRACTS,Registry64,HKLM,machine,,arp_machine
fx-a89a080a02e7caa3,STALE_CACHED_INVENTORY,live_arp_state,PACKAGE_INVENTORY,VULNERABILITY,X_DEFENDER_EXPORT,NONE,1,1,PREDICTED_FROM_CONTRACTS,Registry64,HKLM,machine,,arp_machine
fx-a89a080a02e7caa3,STALE_CACHED_INVENTORY,live_arp_state,PACKAGE_INVENTORY,VULNERABILITY,X_TENABLE_EXPORT,NONE,1,1,PREDICTED_FROM_CONTRACTS,Registry64,HKLM,machine,,arp_machine
fx-a89a080a02e7caa3,STALE_CACHED_INVENTORY,live_arp_state,PACKAGE_INVENTORY,VULNERABILITY,X_SCCM_EXPORT,NONE,1,1,PREDICTED_FROM_CONTRACTS,Registry64,HKLM,machine,,arp_machine
fx-53b36d3a61cec1e8,STALE_CACHED_INVENTORY,live_arp_state,PACKAGE_INVENTORY,VULNERABILITY,A_UNINSTALL_REGISTRY,NONE,1,1,PREDICTED_FROM_CONTRACTS,Registry64,HKLM,machine,,arp_machine
fx-53b36d3a61cec1e8,STALE_CACHED_INVENTORY,live_arp_state,PACKAGE_INVENTORY,VULNERABILITY,B_EXPANDED_REGISTRY,NONE,0,1,PREDICTED_FROM_CONTRACTS,Registry64,HKLM,machine,,arp_machine
fx-53b36d3a61cec1e8,STALE_CACHED_INVENTORY,live_arp_state,PACKAGE_INVENTORY,VULNERABILITY,C_PACKAGE_PROVIDER,NONE,1,1,PREDICTED_FROM_CONTRACTS,Registry64,HKLM,machine,,arp_machine
fx-53b36d3a61cec1e8,STALE_CACHED_INVENTORY,live_arp_state,PACKAGE_INVENTORY,VULNERABILITY,D_FILE_VERSION,DECLARED_GAP,0,0,PREDICTED_FROM_CONTRACTS,Registry64,HKLM,machine,,arp_machine
fx-53b36d3a61cec1e8,STALE_CACHED_INVENTORY,live_arp_state,PACKAGE_INVENTORY,VULNERABILITY,E_SERVICE_TASK,DECLARED_GAP,0,0,PREDICTED_FROM_CONTRACTS,Registry64,HKLM,machine,,arp_machine
fx-53b36d3a61cec1e8,STALE_CACHED_INVENTORY,live_arp_state,PACKAGE_INVENTORY,VULNERABILITY,F_COMPOSITE_ACTIVE,NONE,0,1,PREDICTED_FROM_CONTRACTS,Registry64,HKLM,machine,,arp_machine
fx-53b36d3a61cec1e8,STALE_CACHED_INVENTORY,live_arp_state,PACKAGE_INVENTORY,VULNERABILITY,X_INTUNE_EXPORT,NONE,1,1,PREDICTED_FROM_CONTRACTS,Registry64,HKLM,machine,,arp_machine
fx-53b36d3a61cec1e8,STALE_CACHED_INVENTORY,live_arp_state,PACKAGE_INVENTORY,VULNERABILITY,X_DEFENDER_EXPORT,NONE,1,1,PREDICTED_FROM_CONTRACTS,Registry64,HKLM,machine,,arp_machine
fx-53b36d3a61cec1e8,STALE_CACHED_INVENTORY,live_arp_state,PACKAGE_INVENTORY,VULNERABILITY,X_TENABLE_EXPORT,NONE,1,1,PREDICTED_FROM_CONTRACTS,Registry64,HKLM,machine,,arp_machine
fx-53b36d3a61cec1e8,STALE_CACHED_INVENTORY,live_arp_state,PACKAGE_INVENTORY,VULNERABILITY,X_SCCM_EXPORT,NONE,1,1,PREDICTED_FROM_CONTRACTS,Registry64,HKLM,machine,,arp_machine
fx-3ea9f4f5871319a1,PACKAGE_PRESENT_DECISIVE_FILE_MISSING,missing_binary,FILE_PRESENCE,VULNERABILITY,A_UNINSTALL_REGISTRY,DECLARED_GAP,0,0,PREDICTED_FROM_CONTRACTS,,,machine,ProgramFiles,
fx-3ea9f4f5871319a1,PACKAGE_PRESENT_DECISIVE_FILE_MISSING,missing_binary,FILE_PRESENCE,VULNERABILITY,B_EXPANDED_REGISTRY,DECLARED_GAP,0,0,PREDICTED_FROM_CONTRACTS,,,machine,ProgramFiles,
fx-3ea9f4f5871319a1,PACKAGE_PRESENT_DECISIVE_FILE_MISSING,missing_binary,FILE_PRESENCE,VULNERABILITY,C_PACKAGE_PROVIDER,DECLARED_GAP,0,0,PREDICTED_FROM_CONTRACTS,,,machine,ProgramFiles,
fx-3ea9f4f5871319a1,PACKAGE_PRESENT_DECISIVE_FILE_MISSING,missing_binary,FILE_PRESENCE,VULNERABILITY,D_FILE_VERSION,NONE,0,1,PREDICTED_FROM_CONTRACTS,,,machine,ProgramFiles,
fx-3ea9f4f5871319a1,PACKAGE_PRESENT_DECISIVE_FILE_MISSING,missing_binary,FILE_PRESENCE,VULNERABILITY,E_SERVICE_TASK,DECLARED_GAP,0,0,PREDICTED_FROM_CONTRACTS,,,machine,ProgramFiles,
fx-3ea9f4f5871319a1,PACKAGE_PRESENT_DECISIVE_FILE_MISSING,missing_binary,FILE_PRESENCE,VULNERABILITY,F_COMPOSITE_ACTIVE,NONE,0,1,PREDICTED_FROM_CONTRACTS,,,machine,ProgramFiles,
fx-3ea9f4f5871319a1,PACKAGE_PRESENT_DECISIVE_FILE_MISSING,missing_binary,FILE_PRESENCE,VULNERABILITY,X_INTUNE_EXPORT,DECLARED_GAP,0,0,PREDICTED_FROM_CONTRACTS,,,machine,ProgramFiles,
fx-3ea9f4f5871319a1,PACKAGE_PRESENT_DECISIVE_FILE_MISSING,missing_binary,FILE_PRESENCE,VULNERABILITY,X_DEFENDER_EXPORT,DECLARED_GAP,0,0,PREDICTED_FROM_CONTRACTS,,,machine,ProgramFiles,
fx-3ea9f4f5871319a1,PACKAGE_PRESENT_DECISIVE_FILE_MISSING,missing_binary,FILE_PRESENCE,VULNERABILITY,X_TENABLE_EXPORT,DECLARED_GAP,0,0,PREDICTED_FROM_CONTRACTS,,,machine,ProgramFiles,
fx-3ea9f4f5871319a1,PACKAGE_PRESENT_DECISIVE_FILE_MISSING,missing_binary,FILE_PRESENCE,VULNERABILITY,X_SCCM_EXPORT,DECLARED_GAP,0,0,PREDICTED_FROM_CONTRACTS,,,machine,ProgramFiles,
fx-a112cb2a626b275c,PACKAGE_PRESENT_DECISIVE_FILE_MISSING,missing_binary,FILE_PRESENCE,VULNERABILITY,A_UNINSTALL_REGISTRY,DECLARED_GAP,0,0,PREDICTED_FROM_CONTRACTS,,,machine,ProgramFiles,
fx-a112cb2a626b275c,PACKAGE_PRESENT_DECISIVE_FILE_MISSING,missing_binary,FILE_PRESENCE,VULNERABILITY,B_EXPANDED_REGISTRY,DECLARED_GAP,0,0,PREDICTED_FROM_CONTRACTS,,,machine,ProgramFiles,
fx-a112cb2a626b275c,PACKAGE_PRESENT_DECISIVE_FILE_MISSING,missing_binary,FILE_PRESENCE,VULNERABILITY,C_PACKAGE_PROVIDER,DECLARED_GAP,0,0,PREDICTED_FROM_CONTRACTS,,,machine,ProgramFiles,
fx-a112cb2a626b275c,PACKAGE_PRESENT_DECISIVE_FILE_MISSING,missing_binary,FILE_PRESENCE,VULNERABILITY,D_FILE_VERSION,NONE,0,1,PREDICTED_FROM_CONTRACTS,,,machine,ProgramFiles,
fx-a112cb2a626b275c,PACKAGE_PRESENT_DECISIVE_FILE_MISSING,missing_binary,FILE_PRESENCE,VULNERABILITY,E_SERVICE_TASK,DECLARED_GAP,0,0,PREDICTED_FROM_CONTRACTS,,,machine,ProgramFiles,
fx-a112cb2a626b275c,PACKAGE_PRESENT_DECISIVE_FILE_MISSING,missing_binary,FILE_PRESENCE,VULNERABILITY,F_COMPOSITE_ACTIVE,NONE,0,1,PREDICTED_FROM_CONTRACTS,,,machine,ProgramFiles,
fx-a112cb2a626b275c,PACKAGE_PRESENT_DECISIVE_FILE_MISSING,missing_binary,FILE_PRESENCE,VULNERABILITY,X_INTUNE_EXPORT,DECLARED_GAP,0,0,PREDICTED_FROM_CONTRACTS,,,machine,ProgramFiles,
fx-a112cb2a626b275c,PACKAGE_PRESENT_DECISIVE_FILE_MISSING,missing_binary,FILE_PRESENCE,VULNERABILITY,X_DEFENDER_EXPORT,DECLARED_GAP,0,0,PREDICTED_FROM_CONTRACTS,,,machine,ProgramFiles,
fx-a112cb2a626b275c,PACKAGE_PRESENT_DECISIVE_FILE_MISSING,missing_binary,FILE_PRESENCE,VULNERABILITY,X_TENABLE_EXPORT,DECLARED_GAP,0,0,PREDICTED_FROM_CONTRACTS,,,machine,ProgramFiles,
fx-a112cb2a626b275c,PACKAGE_PRESENT_DECISIVE_FILE_MISSING,missing_binary,FILE_PRESENCE,VULNERABILITY,X_SCCM_EXPORT,DECLARED_GAP,0,0,PREDICTED_FROM_CONTRACTS,,,machine,ProgramFiles,
fx-30bd9ca355f74c4f,PACKAGE_ABSENT_VULNERABLE_BINARY_PRESENT,orphan_binary_version,FILE_VERSION,VULNERABILITY,A_UNINSTALL_REGISTRY,DECLARED_GAP,0,0,PREDICTED_FROM_CONTRACTS,,,machine,AppDataLocal,none_portable
fx-30bd9ca355f74c4f,PACKAGE_ABSENT_VULNERABLE_BINARY_PRESENT,orphan_binary_version,FILE_VERSION,VULNERABILITY,B_EXPANDED_REGISTRY,DECLARED_GAP,0,0,PREDICTED_FROM_CONTRACTS,,,machine,AppDataLocal,none_portable
fx-30bd9ca355f74c4f,PACKAGE_ABSENT_VULNERABLE_BINARY_PRESENT,orphan_binary_version,FILE_VERSION,VULNERABILITY,C_PACKAGE_PROVIDER,DECLARED_GAP,0,0,PREDICTED_FROM_CONTRACTS,,,machine,AppDataLocal,none_portable
fx-30bd9ca355f74c4f,PACKAGE_ABSENT_VULNERABLE_BINARY_PRESENT,orphan_binary_version,FILE_VERSION,VULNERABILITY,D_FILE_VERSION,DECLARED_GAP,0,0,PREDICTED_FROM_CONTRACTS,,,machine,AppDataLocal,none_portable
fx-30bd9ca355f74c4f,PACKAGE_ABSENT_VULNERABLE_BINARY_PRESENT,orphan_binary_version,FILE_VERSION,VULNERABILITY,E_SERVICE_TASK,DECLARED_GAP,0,0,PREDICTED_FROM_CONTRACTS,,,machine,AppDataLocal,none_portable
fx-30bd9ca355f74c4f,PACKAGE_ABSENT_VULNERABLE_BINARY_PRESENT,orphan_binary_version,FILE_VERSION,VULNERABILITY,F_COMPOSITE_ACTIVE,NONE,0,1,PREDICTED_FROM_CONTRACTS,,,machine,AppDataLocal,none_portable
fx-30bd9ca355f74c4f,PACKAGE_ABSENT_VULNERABLE_BINARY_PRESENT,orphan_binary_version,FILE_VERSION,VULNERABILITY,X_INTUNE_EXPORT,DECLARED_GAP,0,0,PREDICTED_FROM_CONTRACTS,,,machine,AppDataLocal,none_portable
fx-30bd9ca355f74c4f,PACKAGE_ABSENT_VULNERABLE_BINARY_PRESENT,orphan_binary_version,FILE_VERSION,VULNERABILITY,X_DEFENDER_EXPORT,DECLARED_GAP,0,0,PREDICTED_FROM_CONTRACTS,,,machine,AppDataLocal,none_portable
fx-30bd9ca355f74c4f,PACKAGE_ABSENT_VULNERABLE_BINARY_PRESENT,orphan_binary_version,FILE_VERSION,VULNERABILITY,X_TENABLE_EXPORT,DECLARED_GAP,0,0,PREDICTED_FROM_CONTRACTS,,,machine,AppDataLocal,none_portable
fx-30bd9ca355f74c4f,PACKAGE_ABSENT_VULNERABLE_BINARY_PRESENT,orphan_binary_version,FILE_VERSION,VULNERABILITY,X_SCCM_EXPORT,DECLARED_GAP,0,0,PREDICTED_FROM_CONTRACTS,,,machine,AppDataLocal,none_portable
fx-7e993ab9d1beace1,PACKAGE_ABSENT_VULNERABLE_BINARY_PRESENT,orphan_binary_version,FILE_VERSION,VULNERABILITY,A_UNINSTALL_REGISTRY,DECLARED_GAP,0,0,PREDICTED_FROM_CONTRACTS,,,machine,AppDataLocal,none_portable
fx-7e993ab9d1beace1,PACKAGE_ABSENT_VULNERABLE_BINARY_PRESENT,orphan_binary_version,FILE_VERSION,VULNERABILITY,B_EXPANDED_REGISTRY,DECLARED_GAP,0,0,PREDICTED_FROM_CONTRACTS,,,machine,AppDataLocal,none_portable
fx-7e993ab9d1beace1,PACKAGE_ABSENT_VULNERABLE_BINARY_PRESENT,orphan_binary_version,FILE_VERSION,VULNERABILITY,C_PACKAGE_PROVIDER,DECLARED_GAP,0,0,PREDICTED_FROM_CONTRACTS,,,machine,AppDataLocal,none_portable
fx-7e993ab9d1beace1,PACKAGE_ABSENT_VULNERABLE_BINARY_PRESENT,orphan_binary_version,FILE_VERSION,VULNERABILITY,D_FILE_VERSION,DECLARED_GAP,0,0,PREDICTED_FROM_CONTRACTS,,,machine,AppDataLocal,none_portable
fx-7e993ab9d1beace1,PACKAGE_ABSENT_VULNERABLE_BINARY_PRESENT,orphan_binary_version,FILE_VERSION,VULNERABILITY,E_SERVICE_TASK,DECLARED_GAP,0,0,PREDICTED_FROM_CONTRACTS,,,machine,AppDataLocal,none_portable
fx-7e993ab9d1beace1,PACKAGE_ABSENT_VULNERABLE_BINARY_PRESENT,orphan_binary_version,FILE_VERSION,VULNERABILITY,F_COMPOSITE_ACTIVE,NONE,0,1,PREDICTED_FROM_CONTRACTS,,,machine,AppDataLocal,none_portable
fx-7e993ab9d1beace1,PACKAGE_ABSENT_VULNERABLE_BINARY_PRESENT,orphan_binary_version,FILE_VERSION,VULNERABILITY,X_INTUNE_EXPORT,DECLARED_GAP,0,0,PREDICTED_FROM_CONTRACTS,,,machine,AppDataLocal,none_portable
fx-7e993ab9d1beace1,PACKAGE_ABSENT_VULNERABLE_BINARY_PRESENT,orphan_binary_version,FILE_VERSION,VULNERABILITY,X_DEFENDER_EXPORT,DECLARED_GAP,0,0,PREDICTED_FROM_CONTRACTS,,,machine,AppDataLocal,none_portable
fx-7e993ab9d1beace1,PACKAGE_ABSENT_VULNERABLE_BINARY_PRESENT,orphan_binary_version,FILE_VERSION,VULNERABILITY,X_TENABLE_EXPORT,DECLARED_GAP,0,0,PREDICTED_FROM_CONTRACTS,,,machine,AppDataLocal,none_portable
fx-7e993ab9d1beace1,PACKAGE_ABSENT_VULNERABLE_BINARY_PRESENT,orphan_binary_version,FILE_VERSION,VULNERABILITY,X_SCCM_EXPORT,DECLARED_GAP,0,0,PREDICTED_FROM_CONTRACTS,,,machine,AppDataLocal,none_portable
fx-8e578b8bb474c4d0,PARTIAL_DEVICE_OR_APPLICATION_SCOPE,scoped_arp_entry,PACKAGE_INVENTORY,VULNERABILITY,A_UNINSTALL_REGISTRY,UNDECLARED_GAP,1,0,PREDICTED_FROM_CONTRACTS,Registry64,HKLM,machine,,appx
fx-8e578b8bb474c4d0,PARTIAL_DEVICE_OR_APPLICATION_SCOPE,scoped_binary,FILE_VERSION,VULNERABILITY,A_UNINSTALL_REGISTRY,DECLARED_GAP,0,0,PREDICTED_FROM_CONTRACTS,,,machine,ProgramFiles,
fx-8e578b8bb474c4d0,PARTIAL_DEVICE_OR_APPLICATION_SCOPE,scoped_arp_entry,PACKAGE_INVENTORY,VULNERABILITY,B_EXPANDED_REGISTRY,DECLARED_GAP,0,0,PREDICTED_FROM_CONTRACTS,Registry64,HKLM,machine,,appx
fx-8e578b8bb474c4d0,PARTIAL_DEVICE_OR_APPLICATION_SCOPE,scoped_binary,FILE_VERSION,VULNERABILITY,B_EXPANDED_REGISTRY,DECLARED_GAP,0,0,PREDICTED_FROM_CONTRACTS,,,machine,ProgramFiles,
fx-8e578b8bb474c4d0,PARTIAL_DEVICE_OR_APPLICATION_SCOPE,scoped_arp_entry,PACKAGE_INVENTORY,VULNERABILITY,C_PACKAGE_PROVIDER,UNDECLARED_GAP,1,0,PREDICTED_FROM_CONTRACTS,Registry64,HKLM,machine,,appx
fx-8e578b8bb474c4d0,PARTIAL_DEVICE_OR_APPLICATION_SCOPE,scoped_binary,FILE_VERSION,VULNERABILITY,C_PACKAGE_PROVIDER,DECLARED_GAP,0,0,PREDICTED_FROM_CONTRACTS,,,machine,ProgramFiles,
fx-8e578b8bb474c4d0,PARTIAL_DEVICE_OR_APPLICATION_SCOPE,scoped_arp_entry,PACKAGE_INVENTORY,VULNERABILITY,D_FILE_VERSION,DECLARED_GAP,0,0,PREDICTED_FROM_CONTRACTS,Registry64,HKLM,machine,,appx
fx-8e578b8bb474c4d0,PARTIAL_DEVICE_OR_APPLICATION_SCOPE,scoped_binary,FILE_VERSION,VULNERABILITY,D_FILE_VERSION,NONE,0,1,PREDICTED_FROM_CONTRACTS,,,machine,ProgramFiles,
fx-8e578b8bb474c4d0,PARTIAL_DEVICE_OR_APPLICATION_SCOPE,scoped_arp_entry,PACKAGE_INVENTORY,VULNERABILITY,E_SERVICE_TASK,DECLARED_GAP,0,0,PREDICTED_FROM_CONTRACTS,Registry64,HKLM,machine,,appx
fx-8e578b8bb474c4d0,PARTIAL_DEVICE_OR_APPLICATION_SCOPE,scoped_binary,FILE_VERSION,VULNERABILITY,E_SERVICE_TASK,DECLARED_GAP,0,0,PREDICTED_FROM_CONTRACTS,,,machine,ProgramFiles,
fx-8e578b8bb474c4d0,PARTIAL_DEVICE_OR_APPLICATION_SCOPE,scoped_arp_entry,PACKAGE_INVENTORY,VULNERABILITY,F_COMPOSITE_ACTIVE,NONE,0,1,PREDICTED_FROM_CONTRACTS,Registry64,HKLM,machine,,appx
fx-8e578b8bb474c4d0,PARTIAL_DEVICE_OR_APPLICATION_SCOPE,scoped_binary,FILE_VERSION,VULNERABILITY,F_COMPOSITE_ACTIVE,NONE,0,1,PREDICTED_FROM_CONTRACTS,,,machine,ProgramFiles,
fx-8e578b8bb474c4d0,PARTIAL_DEVICE_OR_APPLICATION_SCOPE,scoped_arp_entry,PACKAGE_INVENTORY,VULNERABILITY,X_INTUNE_EXPORT,NONE,1,1,PREDICTED_FROM_CONTRACTS,Registry64,HKLM,machine,,appx
fx-8e578b8bb474c4d0,PARTIAL_DEVICE_OR_APPLICATION_SCOPE,scoped_binary,FILE_VERSION,VULNERABILITY,X_INTUNE_EXPORT,DECLARED_GAP,0,0,PREDICTED_FROM_CONTRACTS,,,machine,ProgramFiles,
fx-8e578b8bb474c4d0,PARTIAL_DEVICE_OR_APPLICATION_SCOPE,scoped_arp_entry,PACKAGE_INVENTORY,VULNERABILITY,X_DEFENDER_EXPORT,NONE,1,1,PREDICTED_FROM_CONTRACTS,Registry64,HKLM,machine,,appx
fx-8e578b8bb474c4d0,PARTIAL_DEVICE_OR_APPLICATION_SCOPE,scoped_binary,FILE_VERSION,VULNERABILITY,X_DEFENDER_EXPORT,NONE,0,1,PREDICTED_FROM_CONTRACTS,,,machine,ProgramFiles,
fx-8e578b8bb474c4d0,PARTIAL_DEVICE_OR_APPLICATION_SCOPE,scoped_arp_entry,PACKAGE_INVENTORY,VULNERABILITY,X_TENABLE_EXPORT,UNDECLARED_GAP,1,0,PREDICTED_FROM_CONTRACTS,Registry64,HKLM,machine,,appx
fx-8e578b8bb474c4d0,PARTIAL_DEVICE_OR_APPLICATION_SCOPE,scoped_binary,FILE_VERSION,VULNERABILITY,X_TENABLE_EXPORT,NONE,0,1,PREDICTED_FROM_CONTRACTS,,,machine,ProgramFiles,
fx-8e578b8bb474c4d0,PARTIAL_DEVICE_OR_APPLICATION_SCOPE,scoped_arp_entry,PACKAGE_INVENTORY,VULNERABILITY,X_SCCM_EXPORT,UNDECLARED_GAP,1,0,PREDICTED_FROM_CONTRACTS,Registry64,HKLM,machine,,appx
fx-8e578b8bb474c4d0,PARTIAL_DEVICE_OR_APPLICATION_SCOPE,scoped_binary,FILE_VERSION,VULNERABILITY,X_SCCM_EXPORT,NONE,0,1,PREDICTED_FROM_CONTRACTS,,,machine,ProgramFiles,
fx-deb17a35d5976d29,PARTIAL_DEVICE_OR_APPLICATION_SCOPE,scoped_arp_entry,PACKAGE_INVENTORY,VULNERABILITY,A_UNINSTALL_REGISTRY,UNDECLARED_GAP,1,0,PREDICTED_FROM_CONTRACTS,Registry64,HKLM,machine,,appx
fx-deb17a35d5976d29,PARTIAL_DEVICE_OR_APPLICATION_SCOPE,scoped_binary,FILE_VERSION,VULNERABILITY,A_UNINSTALL_REGISTRY,DECLARED_GAP,0,0,PREDICTED_FROM_CONTRACTS,,,machine,ProgramFiles,
fx-deb17a35d5976d29,PARTIAL_DEVICE_OR_APPLICATION_SCOPE,scoped_app_health,APPLICATION_HEALTH,REGRESSION,A_UNINSTALL_REGISTRY,DECLARED_GAP,0,0,PREDICTED_FROM_CONTRACTS,,,current_user,,
fx-deb17a35d5976d29,PARTIAL_DEVICE_OR_APPLICATION_SCOPE,scoped_arp_entry,PACKAGE_INVENTORY,VULNERABILITY,B_EXPANDED_REGISTRY,DECLARED_GAP,0,0,PREDICTED_FROM_CONTRACTS,Registry64,HKLM,machine,,appx
fx-deb17a35d5976d29,PARTIAL_DEVICE_OR_APPLICATION_SCOPE,scoped_binary,FILE_VERSION,VULNERABILITY,B_EXPANDED_REGISTRY,DECLARED_GAP,0,0,PREDICTED_FROM_CONTRACTS,,,machine,ProgramFiles,
fx-deb17a35d5976d29,PARTIAL_DEVICE_OR_APPLICATION_SCOPE,scoped_app_health,APPLICATION_HEALTH,REGRESSION,B_EXPANDED_REGISTRY,DECLARED_GAP,0,0,PREDICTED_FROM_CONTRACTS,,,current_user,,
fx-deb17a35d5976d29,PARTIAL_DEVICE_OR_APPLICATION_SCOPE,scoped_arp_entry,PACKAGE_INVENTORY,VULNERABILITY,C_PACKAGE_PROVIDER,UNDECLARED_GAP,1,0,PREDICTED_FROM_CONTRACTS,Registry64,HKLM,machine,,appx
fx-deb17a35d5976d29,PARTIAL_DEVICE_OR_APPLICATION_SCOPE,scoped_binary,FILE_VERSION,VULNERABILITY,C_PACKAGE_PROVIDER,DECLARED_GAP,0,0,PREDICTED_FROM_CONTRACTS,,,machine,ProgramFiles,
fx-deb17a35d5976d29,PARTIAL_DEVICE_OR_APPLICATION_SCOPE,scoped_app_health,APPLICATION_HEALTH,REGRESSION,C_PACKAGE_PROVIDER,DECLARED_GAP,0,0,PREDICTED_FROM_CONTRACTS,,,current_user,,
fx-deb17a35d5976d29,PARTIAL_DEVICE_OR_APPLICATION_SCOPE,scoped_arp_entry,PACKAGE_INVENTORY,VULNERABILITY,D_FILE_VERSION,DECLARED_GAP,0,0,PREDICTED_FROM_CONTRACTS,Registry64,HKLM,machine,,appx
fx-deb17a35d5976d29,PARTIAL_DEVICE_OR_APPLICATION_SCOPE,scoped_binary,FILE_VERSION,VULNERABILITY,D_FILE_VERSION,NONE,0,1,PREDICTED_FROM_CONTRACTS,,,machine,ProgramFiles,
fx-deb17a35d5976d29,PARTIAL_DEVICE_OR_APPLICATION_SCOPE,scoped_app_health,APPLICATION_HEALTH,REGRESSION,D_FILE_VERSION,DECLARED_GAP,0,0,PREDICTED_FROM_CONTRACTS,,,current_user,,
fx-deb17a35d5976d29,PARTIAL_DEVICE_OR_APPLICATION_SCOPE,scoped_arp_entry,PACKAGE_INVENTORY,VULNERABILITY,E_SERVICE_TASK,DECLARED_GAP,0,0,PREDICTED_FROM_CONTRACTS,Registry64,HKLM,machine,,appx
fx-deb17a35d5976d29,PARTIAL_DEVICE_OR_APPLICATION_SCOPE,scoped_binary,FILE_VERSION,VULNERABILITY,E_SERVICE_TASK,DECLARED_GAP,0,0,PREDICTED_FROM_CONTRACTS,,,machine,ProgramFiles,
fx-deb17a35d5976d29,PARTIAL_DEVICE_OR_APPLICATION_SCOPE,scoped_app_health,APPLICATION_HEALTH,REGRESSION,E_SERVICE_TASK,DECLARED_GAP,0,0,PREDICTED_FROM_CONTRACTS,,,current_user,,
fx-deb17a35d5976d29,PARTIAL_DEVICE_OR_APPLICATION_SCOPE,scoped_arp_entry,PACKAGE_INVENTORY,VULNERABILITY,F_COMPOSITE_ACTIVE,NONE,0,1,PREDICTED_FROM_CONTRACTS,Registry64,HKLM,machine,,appx
fx-deb17a35d5976d29,PARTIAL_DEVICE_OR_APPLICATION_SCOPE,scoped_binary,FILE_VERSION,VULNERABILITY,F_COMPOSITE_ACTIVE,NONE,0,1,PREDICTED_FROM_CONTRACTS,,,machine,ProgramFiles,
fx-deb17a35d5976d29,PARTIAL_DEVICE_OR_APPLICATION_SCOPE,scoped_app_health,APPLICATION_HEALTH,REGRESSION,F_COMPOSITE_ACTIVE,DECLARED_GAP,0,0,PREDICTED_FROM_CONTRACTS,,,current_user,,
fx-deb17a35d5976d29,PARTIAL_DEVICE_OR_APPLICATION_SCOPE,scoped_arp_entry,PACKAGE_INVENTORY,VULNERABILITY,X_INTUNE_EXPORT,NONE,1,1,PREDICTED_FROM_CONTRACTS,Registry64,HKLM,machine,,appx
fx-deb17a35d5976d29,PARTIAL_DEVICE_OR_APPLICATION_SCOPE,scoped_binary,FILE_VERSION,VULNERABILITY,X_INTUNE_EXPORT,DECLARED_GAP,0,0,PREDICTED_FROM_CONTRACTS,,,machine,ProgramFiles,
fx-deb17a35d5976d29,PARTIAL_DEVICE_OR_APPLICATION_SCOPE,scoped_app_health,APPLICATION_HEALTH,REGRESSION,X_INTUNE_EXPORT,DECLARED_GAP,0,0,PREDICTED_FROM_CONTRACTS,,,current_user,,
fx-deb17a35d5976d29,PARTIAL_DEVICE_OR_APPLICATION_SCOPE,scoped_arp_entry,PACKAGE_INVENTORY,VULNERABILITY,X_DEFENDER_EXPORT,NONE,1,1,PREDICTED_FROM_CONTRACTS,Registry64,HKLM,machine,,appx
fx-deb17a35d5976d29,PARTIAL_DEVICE_OR_APPLICATION_SCOPE,scoped_binary,FILE_VERSION,VULNERABILITY,X_DEFENDER_EXPORT,NONE,0,1,PREDICTED_FROM_CONTRACTS,,,machine,ProgramFiles,
fx-deb17a35d5976d29,PARTIAL_DEVICE_OR_APPLICATION_SCOPE,scoped_app_health,APPLICATION_HEALTH,REGRESSION,X_DEFENDER_EXPORT,DECLARED_GAP,0,0,PREDICTED_FROM_CONTRACTS,,,current_user,,
fx-deb17a35d5976d29,PARTIAL_DEVICE_OR_APPLICATION_SCOPE,scoped_arp_entry,PACKAGE_INVENTORY,VULNERABILITY,X_TENABLE_EXPORT,UNDECLARED_GAP,1,0,PREDICTED_FROM_CONTRACTS,Registry64,HKLM,machine,,appx
fx-deb17a35d5976d29,PARTIAL_DEVICE_OR_APPLICATION_SCOPE,scoped_binary,FILE_VERSION,VULNERABILITY,X_TENABLE_EXPORT,NONE,0,1,PREDICTED_FROM_CONTRACTS,,,machine,ProgramFiles,
fx-deb17a35d5976d29,PARTIAL_DEVICE_OR_APPLICATION_SCOPE,scoped_app_health,APPLICATION_HEALTH,REGRESSION,X_TENABLE_EXPORT,DECLARED_GAP,0,0,PREDICTED_FROM_CONTRACTS,,,current_user,,
fx-deb17a35d5976d29,PARTIAL_DEVICE_OR_APPLICATION_SCOPE,scoped_arp_entry,PACKAGE_INVENTORY,VULNERABILITY,X_SCCM_EXPORT,UNDECLARED_GAP,1,0,PREDICTED_FROM_CONTRACTS,Registry64,HKLM,machine,,appx
fx-deb17a35d5976d29,PARTIAL_DEVICE_OR_APPLICATION_SCOPE,scoped_binary,FILE_VERSION,VULNERABILITY,X_SCCM_EXPORT,NONE,0,1,PREDICTED_FROM_CONTRACTS,,,machine,ProgramFiles,
fx-deb17a35d5976d29,PARTIAL_DEVICE_OR_APPLICATION_SCOPE,scoped_app_health,APPLICATION_HEALTH,REGRESSION,X_SCCM_EXPORT,DECLARED_GAP,0,0,PREDICTED_FROM_CONTRACTS,,,current_user,,
fx-ccd8a796e056a97e,CONFLICTING_EVIDENCE_BETWEEN_COLLECTORS,conflict_arp,PACKAGE_INVENTORY,VULNERABILITY,A_UNINSTALL_REGISTRY,NONE,1,1,PREDICTED_FROM_CONTRACTS,Registry64,HKLM,machine,,arp_machine
fx-ccd8a796e056a97e,CONFLICTING_EVIDENCE_BETWEEN_COLLECTORS,conflict_file,FILE_VERSION,VULNERABILITY,A_UNINSTALL_REGISTRY,DECLARED_GAP,0,0,PREDICTED_FROM_CONTRACTS,,,machine,ProgramFiles,
fx-ccd8a796e056a97e,CONFLICTING_EVIDENCE_BETWEEN_COLLECTORS,conflict_arp,PACKAGE_INVENTORY,VULNERABILITY,B_EXPANDED_REGISTRY,NONE,0,1,PREDICTED_FROM_CONTRACTS,Registry64,HKLM,machine,,arp_machine
fx-ccd8a796e056a97e,CONFLICTING_EVIDENCE_BETWEEN_COLLECTORS,conflict_file,FILE_VERSION,VULNERABILITY,B_EXPANDED_REGISTRY,DECLARED_GAP,0,0,PREDICTED_FROM_CONTRACTS,,,machine,ProgramFiles,
fx-ccd8a796e056a97e,CONFLICTING_EVIDENCE_BETWEEN_COLLECTORS,conflict_arp,PACKAGE_INVENTORY,VULNERABILITY,C_PACKAGE_PROVIDER,NONE,1,1,PREDICTED_FROM_CONTRACTS,Registry64,HKLM,machine,,arp_machine
fx-ccd8a796e056a97e,CONFLICTING_EVIDENCE_BETWEEN_COLLECTORS,conflict_file,FILE_VERSION,VULNERABILITY,C_PACKAGE_PROVIDER,DECLARED_GAP,0,0,PREDICTED_FROM_CONTRACTS,,,machine,ProgramFiles,
fx-ccd8a796e056a97e,CONFLICTING_EVIDENCE_BETWEEN_COLLECTORS,conflict_arp,PACKAGE_INVENTORY,VULNERABILITY,D_FILE_VERSION,DECLARED_GAP,0,0,PREDICTED_FROM_CONTRACTS,Registry64,HKLM,machine,,arp_machine
fx-ccd8a796e056a97e,CONFLICTING_EVIDENCE_BETWEEN_COLLECTORS,conflict_file,FILE_VERSION,VULNERABILITY,D_FILE_VERSION,NONE,0,1,PREDICTED_FROM_CONTRACTS,,,machine,ProgramFiles,
fx-ccd8a796e056a97e,CONFLICTING_EVIDENCE_BETWEEN_COLLECTORS,conflict_arp,PACKAGE_INVENTORY,VULNERABILITY,E_SERVICE_TASK,DECLARED_GAP,0,0,PREDICTED_FROM_CONTRACTS,Registry64,HKLM,machine,,arp_machine
fx-ccd8a796e056a97e,CONFLICTING_EVIDENCE_BETWEEN_COLLECTORS,conflict_file,FILE_VERSION,VULNERABILITY,E_SERVICE_TASK,DECLARED_GAP,0,0,PREDICTED_FROM_CONTRACTS,,,machine,ProgramFiles,
fx-ccd8a796e056a97e,CONFLICTING_EVIDENCE_BETWEEN_COLLECTORS,conflict_arp,PACKAGE_INVENTORY,VULNERABILITY,F_COMPOSITE_ACTIVE,NONE,0,1,PREDICTED_FROM_CONTRACTS,Registry64,HKLM,machine,,arp_machine
fx-ccd8a796e056a97e,CONFLICTING_EVIDENCE_BETWEEN_COLLECTORS,conflict_file,FILE_VERSION,VULNERABILITY,F_COMPOSITE_ACTIVE,NONE,0,1,PREDICTED_FROM_CONTRACTS,,,machine,ProgramFiles,
fx-ccd8a796e056a97e,CONFLICTING_EVIDENCE_BETWEEN_COLLECTORS,conflict_arp,PACKAGE_INVENTORY,VULNERABILITY,X_INTUNE_EXPORT,NONE,1,1,PREDICTED_FROM_CONTRACTS,Registry64,HKLM,machine,,arp_machine
fx-ccd8a796e056a97e,CONFLICTING_EVIDENCE_BETWEEN_COLLECTORS,conflict_file,FILE_VERSION,VULNERABILITY,X_INTUNE_EXPORT,DECLARED_GAP,0,0,PREDICTED_FROM_CONTRACTS,,,machine,ProgramFiles,
fx-ccd8a796e056a97e,CONFLICTING_EVIDENCE_BETWEEN_COLLECTORS,conflict_arp,PACKAGE_INVENTORY,VULNERABILITY,X_DEFENDER_EXPORT,NONE,1,1,PREDICTED_FROM_CONTRACTS,Registry64,HKLM,machine,,arp_machine
fx-ccd8a796e056a97e,CONFLICTING_EVIDENCE_BETWEEN_COLLECTORS,conflict_file,FILE_VERSION,VULNERABILITY,X_DEFENDER_EXPORT,NONE,0,1,PREDICTED_FROM_CONTRACTS,,,machine,ProgramFiles,
fx-ccd8a796e056a97e,CONFLICTING_EVIDENCE_BETWEEN_COLLECTORS,conflict_arp,PACKAGE_INVENTORY,VULNERABILITY,X_TENABLE_EXPORT,NONE,1,1,PREDICTED_FROM_CONTRACTS,Registry64,HKLM,machine,,arp_machine
fx-ccd8a796e056a97e,CONFLICTING_EVIDENCE_BETWEEN_COLLECTORS,conflict_file,FILE_VERSION,VULNERABILITY,X_TENABLE_EXPORT,NONE,0,1,PREDICTED_FROM_CONTRACTS,,,machine,ProgramFiles,
fx-ccd8a796e056a97e,CONFLICTING_EVIDENCE_BETWEEN_COLLECTORS,conflict_arp,PACKAGE_INVENTORY,VULNERABILITY,X_SCCM_EXPORT,NONE,1,1,PREDICTED_FROM_CONTRACTS,Registry64,HKLM,machine,,arp_machine
fx-ccd8a796e056a97e,CONFLICTING_EVIDENCE_BETWEEN_COLLECTORS,conflict_file,FILE_VERSION,VULNERABILITY,X_SCCM_EXPORT,NONE,0,1,PREDICTED_FROM_CONTRACTS,,,machine,ProgramFiles,
fx-9b184e95a0802464,CONFLICTING_EVIDENCE_BETWEEN_COLLECTORS,conflict_arp,PACKAGE_INVENTORY,VULNERABILITY,A_UNINSTALL_REGISTRY,NONE,1,1,PREDICTED_FROM_CONTRACTS,Registry64,HKLM,machine,,arp_machine
fx-9b184e95a0802464,CONFLICTING_EVIDENCE_BETWEEN_COLLECTORS,conflict_file,FILE_VERSION,VULNERABILITY,A_UNINSTALL_REGISTRY,DECLARED_GAP,0,0,PREDICTED_FROM_CONTRACTS,,,machine,ProgramFiles,
fx-9b184e95a0802464,CONFLICTING_EVIDENCE_BETWEEN_COLLECTORS,conflict_arp,PACKAGE_INVENTORY,VULNERABILITY,B_EXPANDED_REGISTRY,NONE,0,1,PREDICTED_FROM_CONTRACTS,Registry64,HKLM,machine,,arp_machine
fx-9b184e95a0802464,CONFLICTING_EVIDENCE_BETWEEN_COLLECTORS,conflict_file,FILE_VERSION,VULNERABILITY,B_EXPANDED_REGISTRY,DECLARED_GAP,0,0,PREDICTED_FROM_CONTRACTS,,,machine,ProgramFiles,
fx-9b184e95a0802464,CONFLICTING_EVIDENCE_BETWEEN_COLLECTORS,conflict_arp,PACKAGE_INVENTORY,VULNERABILITY,C_PACKAGE_PROVIDER,NONE,1,1,PREDICTED_FROM_CONTRACTS,Registry64,HKLM,machine,,arp_machine
fx-9b184e95a0802464,CONFLICTING_EVIDENCE_BETWEEN_COLLECTORS,conflict_file,FILE_VERSION,VULNERABILITY,C_PACKAGE_PROVIDER,DECLARED_GAP,0,0,PREDICTED_FROM_CONTRACTS,,,machine,ProgramFiles,
fx-9b184e95a0802464,CONFLICTING_EVIDENCE_BETWEEN_COLLECTORS,conflict_arp,PACKAGE_INVENTORY,VULNERABILITY,D_FILE_VERSION,DECLARED_GAP,0,0,PREDICTED_FROM_CONTRACTS,Registry64,HKLM,machine,,arp_machine
fx-9b184e95a0802464,CONFLICTING_EVIDENCE_BETWEEN_COLLECTORS,conflict_file,FILE_VERSION,VULNERABILITY,D_FILE_VERSION,NONE,0,1,PREDICTED_FROM_CONTRACTS,,,machine,ProgramFiles,
fx-9b184e95a0802464,CONFLICTING_EVIDENCE_BETWEEN_COLLECTORS,conflict_arp,PACKAGE_INVENTORY,VULNERABILITY,E_SERVICE_TASK,DECLARED_GAP,0,0,PREDICTED_FROM_CONTRACTS,Registry64,HKLM,machine,,arp_machine
fx-9b184e95a0802464,CONFLICTING_EVIDENCE_BETWEEN_COLLECTORS,conflict_file,FILE_VERSION,VULNERABILITY,E_SERVICE_TASK,DECLARED_GAP,0,0,PREDICTED_FROM_CONTRACTS,,,machine,ProgramFiles,
fx-9b184e95a0802464,CONFLICTING_EVIDENCE_BETWEEN_COLLECTORS,conflict_arp,PACKAGE_INVENTORY,VULNERABILITY,F_COMPOSITE_ACTIVE,NONE,0,1,PREDICTED_FROM_CONTRACTS,Registry64,HKLM,machine,,arp_machine
fx-9b184e95a0802464,CONFLICTING_EVIDENCE_BETWEEN_COLLECTORS,conflict_file,FILE_VERSION,VULNERABILITY,F_COMPOSITE_ACTIVE,NONE,0,1,PREDICTED_FROM_CONTRACTS,,,machine,ProgramFiles,
fx-9b184e95a0802464,CONFLICTING_EVIDENCE_BETWEEN_COLLECTORS,conflict_arp,PACKAGE_INVENTORY,VULNERABILITY,X_INTUNE_EXPORT,NONE,1,1,PREDICTED_FROM_CONTRACTS,Registry64,HKLM,machine,,arp_machine
fx-9b184e95a0802464,CONFLICTING_EVIDENCE_BETWEEN_COLLECTORS,conflict_file,FILE_VERSION,VULNERABILITY,X_INTUNE_EXPORT,DECLARED_GAP,0,0,PREDICTED_FROM_CONTRACTS,,,machine,ProgramFiles,
fx-9b184e95a0802464,CONFLICTING_EVIDENCE_BETWEEN_COLLECTORS,conflict_arp,PACKAGE_INVENTORY,VULNERABILITY,X_DEFENDER_EXPORT,NONE,1,1,PREDICTED_FROM_CONTRACTS,Registry64,HKLM,machine,,arp_machine
fx-9b184e95a0802464,CONFLICTING_EVIDENCE_BETWEEN_COLLECTORS,conflict_file,FILE_VERSION,VULNERABILITY,X_DEFENDER_EXPORT,NONE,0,1,PREDICTED_FROM_CONTRACTS,,,machine,ProgramFiles,
fx-9b184e95a0802464,CONFLICTING_EVIDENCE_BETWEEN_COLLECTORS,conflict_arp,PACKAGE_INVENTORY,VULNERABILITY,X_TENABLE_EXPORT,NONE,1,1,PREDICTED_FROM_CONTRACTS,Registry64,HKLM,machine,,arp_machine
fx-9b184e95a0802464,CONFLICTING_EVIDENCE_BETWEEN_COLLECTORS,conflict_file,FILE_VERSION,VULNERABILITY,X_TENABLE_EXPORT,NONE,0,1,PREDICTED_FROM_CONTRACTS,,,machine,ProgramFiles,
fx-9b184e95a0802464,CONFLICTING_EVIDENCE_BETWEEN_COLLECTORS,conflict_arp,PACKAGE_INVENTORY,VULNERABILITY,X_SCCM_EXPORT,NONE,1,1,PREDICTED_FROM_CONTRACTS,Registry64,HKLM,machine,,arp_machine
fx-9b184e95a0802464,CONFLICTING_EVIDENCE_BETWEEN_COLLECTORS,conflict_file,FILE_VERSION,VULNERABILITY,X_SCCM_EXPORT,NONE,0,1,PREDICTED_FROM_CONTRACTS,,,machine,ProgramFiles,
