collector_id,measurement_status,contract_basis,claims_complete_for,silent_misses,decisive_undeclared_gap_rate_value,decisive_undeclared_gap_rate_numerator,decisive_undeclared_gap_rate_denominator,fixture_undeclared_gap_rate_value,fixture_undeclared_gap_rate_numerator,fixture_undeclared_gap_rate_denominator,false_coverage_claim_rate_value,false_coverage_claim_rate_numerator,false_coverage_claim_rate_denominator,verification_feasibility_value,verification_feasibility_numerator,verification_feasibility_denominator,unresolved_decisive_fact_rate_value,unresolved_decisive_fact_rate_numerator,unresolved_decisive_fact_rate_denominator
A_UNINSTALL_REGISTRY,PREDICTED_FROM_CONTRACTS,IMPLEMENTED_IN_THIS_REPOSITORY,PACKAGE_INVENTORY,8,0.500000,8,16,0.200000,8,40,0.500000,8,16,0.100000,4,40,0.875000,42,48
B_EXPANDED_REGISTRY,PREDICTED_FROM_CONTRACTS,IMPLEMENTED_IN_THIS_REPOSITORY,,0,,0,0,0.000000,0,40,,0,0,0.300000,12,40,0.708333,34,48
C_PACKAGE_PROVIDER,PREDICTED_FROM_CONTRACTS,IMPLEMENTED_IN_THIS_REPOSITORY,PACKAGE_INVENTORY,4,0.250000,4,16,0.100000,4,40,0.250000,4,16,0.200000,8,40,0.791667,38,48
D_FILE_VERSION,PREDICTED_FROM_CONTRACTS,IMPLEMENTED_IN_THIS_REPOSITORY,,0,,0,0,0.000000,0,40,,0,0,0.200000,8,40,0.750000,36,48
E_SERVICE_TASK,PREDICTED_FROM_CONTRACTS,IMPLEMENTED_IN_THIS_REPOSITORY,SERVICE_STATE|SCHEDULED_TASK|PERSISTENCE_STATE,0,0.000000,0,8,0.000000,0,40,0.000000,0,8,0.125000,5,40,0.833333,40,48
F_COMPOSITE_ACTIVE,PREDICTED_FROM_CONTRACTS,IMPLEMENTED_IN_THIS_REPOSITORY,,0,,0,0,0.000000,0,40,,0,0,0.900000,36,40,0.083333,4,48
X_DEFENDER_EXPORT,PREDICTED_FROM_CONTRACTS,MODEL_OF_VENDOR_DOCUMENTATION_UNVERIFIED,PACKAGE_INVENTORY,2,0.125000,2,16,0.050000,2,40,0.125000,2,16,0.425000,17,40,0.541667,26,48
X_INTUNE_EXPORT,PREDICTED_FROM_CONTRACTS,MODEL_OF_VENDOR_DOCUMENTATION_UNVERIFIED,PACKAGE_INVENTORY,2,0.125000,2,16,0.050000,2,40,0.125000,2,16,0.200000,8,40,0.750000,36,48
X_SCCM_EXPORT,PREDICTED_FROM_CONTRACTS,MODEL_OF_VENDOR_DOCUMENTATION_UNVERIFIED,PACKAGE_INVENTORY,6,0.375000,6,16,0.150000,6,40,0.375000,6,16,0.350000,14,40,0.625000,30,48
X_TENABLE_EXPORT,PREDICTED_FROM_CONTRACTS,MODEL_OF_VENDOR_DOCUMENTATION_UNVERIFIED,PACKAGE_INVENTORY,6,0.375000,6,16,0.150000,6,40,0.375000,6,16,0.500000,20,40,0.500000,24,48
