case_id,category,arm,truth,predicted,failure_kind,reason_codes,ground_truth_rationale
A-08,A_GENUINE_SUCCESS,STATUS_ONLY,VERIFIED_REMEDIATED,REMEDIATION_FAILED,FALSE_FAILURE,NONZERO_EXIT_CODE|EXECUTION_STATUS_NOT_SUCCESS|DEPLOYMENT_STATUS_NOT_SUCCESS,"vulnerability predicate false, persistent, no regression, no new risk, full rollout"
B-01,B_EXIT0_NO_CHANGE,STATUS_ONLY,REMEDIATION_FAILED,VERIFIED_REMEDIATED,FALSE_SAFE,EXIT_CODE_ZERO|DEPLOYMENT_REPORTED_SUCCESS,vulnerability predicate still true after remediation
B-02,B_EXIT0_NO_CHANGE,STATUS_ONLY,REMEDIATION_FAILED,VERIFIED_REMEDIATED,FALSE_SAFE,EXIT_CODE_ZERO|DEPLOYMENT_REPORTED_SUCCESS,vulnerability predicate still true after remediation
B-03,B_EXIT0_NO_CHANGE,STATUS_ONLY,REMEDIATION_FAILED,VERIFIED_REMEDIATED,FALSE_SAFE,EXIT_CODE_ZERO|DEPLOYMENT_REPORTED_SUCCESS,vulnerability predicate still true after remediation
B-04,B_EXIT0_NO_CHANGE,STATUS_ONLY,REMEDIATION_FAILED,VERIFIED_REMEDIATED,FALSE_SAFE,EXIT_CODE_ZERO|DEPLOYMENT_REPORTED_SUCCESS,vulnerability predicate still true after remediation
C-01,C_WRONG_TARGET,STATUS_ONLY,REMEDIATION_FAILED,VERIFIED_REMEDIATED,FALSE_SAFE,EXIT_CODE_ZERO|DEPLOYMENT_REPORTED_SUCCESS,vulnerability predicate still true after remediation
C-02,C_WRONG_TARGET,STATUS_ONLY,REMEDIATION_FAILED,VERIFIED_REMEDIATED,FALSE_SAFE,EXIT_CODE_ZERO|DEPLOYMENT_REPORTED_SUCCESS,vulnerability predicate still true after remediation
C-03,C_WRONG_TARGET,STATUS_ONLY,REMEDIATION_FAILED,VERIFIED_REMEDIATED,FALSE_SAFE,EXIT_CODE_ZERO|DEPLOYMENT_REPORTED_SUCCESS,vulnerability predicate still true after remediation
C-04,C_WRONG_TARGET,STATUS_ONLY,REMEDIATION_FAILED,VERIFIED_REMEDIATED,FALSE_SAFE,EXIT_CODE_ZERO|DEPLOYMENT_REPORTED_SUCCESS,vulnerability predicate still true after remediation
D-01,D_TEMPORARY,STATUS_ONLY,REMEDIATION_FAILED,VERIFIED_REMEDIATED,FALSE_SAFE,EXIT_CODE_ZERO|DEPLOYMENT_REPORTED_SUCCESS,vulnerable condition returns after reboot (remediation not persistent)
D-02,D_TEMPORARY,STATUS_ONLY,REMEDIATION_FAILED,VERIFIED_REMEDIATED,FALSE_SAFE,EXIT_CODE_ZERO|DEPLOYMENT_REPORTED_SUCCESS,vulnerable condition returns after reboot (remediation not persistent)
D-03,D_TEMPORARY,STATUS_ONLY,REMEDIATION_FAILED,VERIFIED_REMEDIATED,FALSE_SAFE,EXIT_CODE_ZERO|DEPLOYMENT_REPORTED_SUCCESS,vulnerable condition returns after reboot (remediation not persistent)
D-04,D_TEMPORARY,STATUS_ONLY,REMEDIATION_FAILED,VERIFIED_REMEDIATED,FALSE_SAFE,EXIT_CODE_ZERO|DEPLOYMENT_REPORTED_SUCCESS,vulnerable condition returns after reboot (remediation not persistent)
E-01,E_SIDE_BY_SIDE,STATUS_ONLY,REMEDIATION_FAILED,VERIFIED_REMEDIATED,FALSE_SAFE,EXIT_CODE_ZERO|DEPLOYMENT_REPORTED_SUCCESS,vulnerability predicate still true after remediation
E-02,E_SIDE_BY_SIDE,STATUS_ONLY,REMEDIATION_FAILED,VERIFIED_REMEDIATED,FALSE_SAFE,EXIT_CODE_ZERO|DEPLOYMENT_REPORTED_SUCCESS,vulnerability predicate still true after remediation
E-03,E_SIDE_BY_SIDE,STATUS_ONLY,REMEDIATION_FAILED,VERIFIED_REMEDIATED,FALSE_SAFE,EXIT_CODE_ZERO|DEPLOYMENT_REPORTED_SUCCESS,vulnerability predicate still true after remediation
E-04,E_SIDE_BY_SIDE,STATUS_ONLY,REMEDIATION_FAILED,VERIFIED_REMEDIATED,FALSE_SAFE,EXIT_CODE_ZERO|DEPLOYMENT_REPORTED_SUCCESS,vulnerability predicate still true after remediation
F-01,F_PARTIAL,STATUS_ONLY,PARTIALLY_REMEDIATED,VERIFIED_REMEDIATED,FALSE_SAFE,EXIT_CODE_ZERO|DEPLOYMENT_REPORTED_SUCCESS,composite predicate partly remediated; still true: MACRO_POLICY_INSECURE
F-02,F_PARTIAL,STATUS_ONLY,PARTIALLY_REMEDIATED,VERIFIED_REMEDIATED,FALSE_SAFE,EXIT_CODE_ZERO|DEPLOYMENT_REPORTED_SUCCESS,composite predicate partly remediated; still true: KB5031999_MISSING
F-03,F_PARTIAL,STATUS_ONLY,PARTIALLY_REMEDIATED,REMEDIATION_FAILED,MISCLASSIFIED,NONZERO_EXIT_CODE|EXECUTION_STATUS_NOT_SUCCESS|DEPLOYMENT_STATUS_NOT_SUCCESS,composite predicate partly remediated; still true: DLL_B_PRESENT
F-04,F_PARTIAL,STATUS_ONLY,PARTIALLY_REMEDIATED,REMEDIATION_FAILED,MISCLASSIFIED,NONZERO_EXIT_CODE|EXECUTION_STATUS_NOT_SUCCESS|DEPLOYMENT_STATUS_NOT_SUCCESS,composite predicate partly remediated; still true: SVC2_RUNNING
G-01,G_FLEET_PARTIAL,STATUS_ONLY,PARTIALLY_REMEDIATED,VERIFIED_REMEDIATED,FALSE_SAFE,EXIT_CODE_ZERO|DEPLOYMENT_REPORTED_SUCCESS,only 7/10 targeted devices could be confirmed remediated
G-02,G_FLEET_PARTIAL,STATUS_ONLY,PARTIALLY_REMEDIATED,VERIFIED_REMEDIATED,FALSE_SAFE,EXIT_CODE_ZERO|DEPLOYMENT_REPORTED_SUCCESS,only 9/12 targeted devices could be confirmed remediated
G-03,G_FLEET_PARTIAL,STATUS_ONLY,PARTIALLY_REMEDIATED,VERIFIED_REMEDIATED,FALSE_SAFE,EXIT_CODE_ZERO|DEPLOYMENT_REPORTED_SUCCESS,3/10 enumerated devices remain vulnerable
G-04,G_FLEET_PARTIAL,STATUS_ONLY,PARTIALLY_REMEDIATED,VERIFIED_REMEDIATED,FALSE_SAFE,EXIT_CODE_ZERO|DEPLOYMENT_REPORTED_SUCCESS,2/10 enumerated devices remain vulnerable
H-01,H_REGRESSION,STATUS_ONLY,REGRESSION_INTRODUCED,VERIFIED_REMEDIATED,FALSE_SAFE,EXIT_CODE_ZERO|DEPLOYMENT_REPORTED_SUCCESS,required health checks failing on device 0: lob_app_starts
H-02,H_REGRESSION,STATUS_ONLY,REGRESSION_INTRODUCED,VERIFIED_REMEDIATED,FALSE_SAFE,EXIT_CODE_ZERO|DEPLOYMENT_REPORTED_SUCCESS,required health checks failing on device 0: print_service_healthy
H-03,H_REGRESSION,STATUS_ONLY,REGRESSION_INTRODUCED,VERIFIED_REMEDIATED,FALSE_SAFE,EXIT_CODE_ZERO|DEPLOYMENT_REPORTED_SUCCESS,required health checks failing on device 0: vpn_client_connects
H-04,H_REGRESSION,STATUS_ONLY,REGRESSION_INTRODUCED,VERIFIED_REMEDIATED,FALSE_SAFE,EXIT_CODE_ZERO|DEPLOYMENT_REPORTED_SUCCESS,required health checks failing on device 0: endpoint_agent_healthy
I-01,I_NEW_RISK,STATUS_ONLY,NEW_SECURITY_RISK,VERIFIED_REMEDIATED,FALSE_SAFE,EXIT_CODE_ZERO|DEPLOYMENT_REPORTED_SUCCESS,remediation resolved the target condition but introduced FIREWALL_DISABLED on device 0
I-02,I_NEW_RISK,STATUS_ONLY,NEW_SECURITY_RISK,VERIFIED_REMEDIATED,FALSE_SAFE,EXIT_CODE_ZERO|DEPLOYMENT_REPORTED_SUCCESS,remediation resolved the target condition but introduced UNSIGNED_SCRIPTS_ALLOWED on device 0
I-03,I_NEW_RISK,STATUS_ONLY,NEW_SECURITY_RISK,VERIFIED_REMEDIATED,FALSE_SAFE,EXIT_CODE_ZERO|DEPLOYMENT_REPORTED_SUCCESS,remediation resolved the target condition but introduced LOCAL_ADMIN_ADDED on device 0
J-01,J_REBOOT_REQUIRED,STATUS_ONLY,PARTIALLY_REMEDIATED,VERIFIED_REMEDIATED,FALSE_SAFE,EXIT_CODE_ZERO|DEPLOYMENT_REPORTED_SUCCESS,remediation staged only; endpoint remains vulnerable until reboot
J-02,J_REBOOT_REQUIRED,STATUS_ONLY,PARTIALLY_REMEDIATED,VERIFIED_REMEDIATED,FALSE_SAFE,EXIT_CODE_ZERO|DEPLOYMENT_REPORTED_SUCCESS,remediation staged only; endpoint remains vulnerable until reboot
J-03,J_REBOOT_REQUIRED,STATUS_ONLY,PARTIALLY_REMEDIATED,VERIFIED_REMEDIATED,FALSE_SAFE,EXIT_CODE_ZERO|DEPLOYMENT_REPORTED_SUCCESS,remediation staged only; endpoint remains vulnerable until reboot
K-01,K_WRONG_VULN_MATCH,STATUS_ONLY,REMEDIATION_FAILED,VERIFIED_REMEDIATED,FALSE_SAFE,EXIT_CODE_ZERO|DEPLOYMENT_REPORTED_SUCCESS,vulnerability predicate still true after remediation
K-02,K_WRONG_VULN_MATCH,STATUS_ONLY,REMEDIATION_FAILED,VERIFIED_REMEDIATED,FALSE_SAFE,EXIT_CODE_ZERO|DEPLOYMENT_REPORTED_SUCCESS,vulnerability predicate still true after remediation
K-03,K_WRONG_VULN_MATCH,STATUS_ONLY,REMEDIATION_FAILED,VERIFIED_REMEDIATED,FALSE_SAFE,EXIT_CODE_ZERO|DEPLOYMENT_REPORTED_SUCCESS,vulnerability predicate still true after remediation
L-01,L_EVIDENCE_MISSING,STATUS_ONLY,INSUFFICIENT_EVIDENCE,VERIFIED_REMEDIATED,FALSE_SAFE,EXIT_CODE_ZERO|DEPLOYMENT_REPORTED_SUCCESS,required evidence unavailable: PACKAGE_STATE
L-02,L_EVIDENCE_MISSING,STATUS_ONLY,INSUFFICIENT_EVIDENCE,VERIFIED_REMEDIATED,FALSE_SAFE,EXIT_CODE_ZERO|DEPLOYMENT_REPORTED_SUCCESS,required evidence unavailable: SMOKE_TEST
L-03,L_EVIDENCE_MISSING,STATUS_ONLY,INSUFFICIENT_EVIDENCE,VERIFIED_REMEDIATED,FALSE_SAFE,EXIT_CODE_ZERO|DEPLOYMENT_REPORTED_SUCCESS,required evidence unavailable: FLEET_COVERAGE
C-01,C_WRONG_TARGET,TARGET_STATE,REMEDIATION_FAILED,VERIFIED_REMEDIATED,FALSE_SAFE,TARGET_STATE_APPLIED,vulnerability predicate still true after remediation
C-02,C_WRONG_TARGET,TARGET_STATE,REMEDIATION_FAILED,VERIFIED_REMEDIATED,FALSE_SAFE,TARGET_STATE_APPLIED,vulnerability predicate still true after remediation
C-03,C_WRONG_TARGET,TARGET_STATE,REMEDIATION_FAILED,VERIFIED_REMEDIATED,FALSE_SAFE,TARGET_STATE_APPLIED,vulnerability predicate still true after remediation
C-04,C_WRONG_TARGET,TARGET_STATE,REMEDIATION_FAILED,VERIFIED_REMEDIATED,FALSE_SAFE,TARGET_STATE_APPLIED,vulnerability predicate still true after remediation
D-01,D_TEMPORARY,TARGET_STATE,REMEDIATION_FAILED,VERIFIED_REMEDIATED,FALSE_SAFE,TARGET_STATE_APPLIED,vulnerable condition returns after reboot (remediation not persistent)
D-02,D_TEMPORARY,TARGET_STATE,REMEDIATION_FAILED,VERIFIED_REMEDIATED,FALSE_SAFE,TARGET_STATE_APPLIED,vulnerable condition returns after reboot (remediation not persistent)
D-03,D_TEMPORARY,TARGET_STATE,REMEDIATION_FAILED,VERIFIED_REMEDIATED,FALSE_SAFE,TARGET_STATE_APPLIED,vulnerable condition returns after reboot (remediation not persistent)
D-04,D_TEMPORARY,TARGET_STATE,REMEDIATION_FAILED,VERIFIED_REMEDIATED,FALSE_SAFE,TARGET_STATE_APPLIED,vulnerable condition returns after reboot (remediation not persistent)
E-01,E_SIDE_BY_SIDE,TARGET_STATE,REMEDIATION_FAILED,VERIFIED_REMEDIATED,FALSE_SAFE,TARGET_STATE_APPLIED,vulnerability predicate still true after remediation
E-02,E_SIDE_BY_SIDE,TARGET_STATE,REMEDIATION_FAILED,VERIFIED_REMEDIATED,FALSE_SAFE,TARGET_STATE_APPLIED,vulnerability predicate still true after remediation
E-03,E_SIDE_BY_SIDE,TARGET_STATE,REMEDIATION_FAILED,VERIFIED_REMEDIATED,FALSE_SAFE,TARGET_STATE_APPLIED,vulnerability predicate still true after remediation
E-04,E_SIDE_BY_SIDE,TARGET_STATE,REMEDIATION_FAILED,VERIFIED_REMEDIATED,FALSE_SAFE,TARGET_STATE_APPLIED,vulnerability predicate still true after remediation
F-01,F_PARTIAL,TARGET_STATE,PARTIALLY_REMEDIATED,VERIFIED_REMEDIATED,FALSE_SAFE,TARGET_STATE_APPLIED,composite predicate partly remediated; still true: MACRO_POLICY_INSECURE
F-02,F_PARTIAL,TARGET_STATE,PARTIALLY_REMEDIATED,VERIFIED_REMEDIATED,FALSE_SAFE,TARGET_STATE_APPLIED,composite predicate partly remediated; still true: KB5031999_MISSING
F-03,F_PARTIAL,TARGET_STATE,PARTIALLY_REMEDIATED,VERIFIED_REMEDIATED,FALSE_SAFE,TARGET_STATE_APPLIED,composite predicate partly remediated; still true: DLL_B_PRESENT
F-04,F_PARTIAL,TARGET_STATE,PARTIALLY_REMEDIATED,VERIFIED_REMEDIATED,FALSE_SAFE,TARGET_STATE_APPLIED,composite predicate partly remediated; still true: SVC2_RUNNING
G-01,G_FLEET_PARTIAL,TARGET_STATE,PARTIALLY_REMEDIATED,VERIFIED_REMEDIATED,FALSE_SAFE,TARGET_STATE_APPLIED,only 7/10 targeted devices could be confirmed remediated
G-02,G_FLEET_PARTIAL,TARGET_STATE,PARTIALLY_REMEDIATED,VERIFIED_REMEDIATED,FALSE_SAFE,TARGET_STATE_APPLIED,only 9/12 targeted devices could be confirmed remediated
G-04,G_FLEET_PARTIAL,TARGET_STATE,PARTIALLY_REMEDIATED,VERIFIED_REMEDIATED,FALSE_SAFE,TARGET_STATE_APPLIED,2/10 enumerated devices remain vulnerable
H-01,H_REGRESSION,TARGET_STATE,REGRESSION_INTRODUCED,VERIFIED_REMEDIATED,FALSE_SAFE,TARGET_STATE_APPLIED,required health checks failing on device 0: lob_app_starts
H-02,H_REGRESSION,TARGET_STATE,REGRESSION_INTRODUCED,VERIFIED_REMEDIATED,FALSE_SAFE,TARGET_STATE_APPLIED,required health checks failing on device 0: print_service_healthy
H-03,H_REGRESSION,TARGET_STATE,REGRESSION_INTRODUCED,VERIFIED_REMEDIATED,FALSE_SAFE,TARGET_STATE_APPLIED,required health checks failing on device 0: vpn_client_connects
H-04,H_REGRESSION,TARGET_STATE,REGRESSION_INTRODUCED,VERIFIED_REMEDIATED,FALSE_SAFE,TARGET_STATE_APPLIED,required health checks failing on device 0: endpoint_agent_healthy
I-01,I_NEW_RISK,TARGET_STATE,NEW_SECURITY_RISK,VERIFIED_REMEDIATED,FALSE_SAFE,TARGET_STATE_APPLIED,remediation resolved the target condition but introduced FIREWALL_DISABLED on device 0
I-02,I_NEW_RISK,TARGET_STATE,NEW_SECURITY_RISK,VERIFIED_REMEDIATED,FALSE_SAFE,TARGET_STATE_APPLIED,remediation resolved the target condition but introduced UNSIGNED_SCRIPTS_ALLOWED on device 0
I-03,I_NEW_RISK,TARGET_STATE,NEW_SECURITY_RISK,VERIFIED_REMEDIATED,FALSE_SAFE,TARGET_STATE_APPLIED,remediation resolved the target condition but introduced LOCAL_ADMIN_ADDED on device 0
J-01,J_REBOOT_REQUIRED,TARGET_STATE,PARTIALLY_REMEDIATED,VERIFIED_REMEDIATED,FALSE_SAFE,TARGET_STATE_APPLIED,remediation staged only; endpoint remains vulnerable until reboot
J-02,J_REBOOT_REQUIRED,TARGET_STATE,PARTIALLY_REMEDIATED,VERIFIED_REMEDIATED,FALSE_SAFE,TARGET_STATE_APPLIED,remediation staged only; endpoint remains vulnerable until reboot
J-03,J_REBOOT_REQUIRED,TARGET_STATE,PARTIALLY_REMEDIATED,VERIFIED_REMEDIATED,FALSE_SAFE,TARGET_STATE_APPLIED,remediation staged only; endpoint remains vulnerable until reboot
K-01,K_WRONG_VULN_MATCH,TARGET_STATE,REMEDIATION_FAILED,VERIFIED_REMEDIATED,FALSE_SAFE,TARGET_STATE_APPLIED,vulnerability predicate still true after remediation
K-02,K_WRONG_VULN_MATCH,TARGET_STATE,REMEDIATION_FAILED,VERIFIED_REMEDIATED,FALSE_SAFE,TARGET_STATE_APPLIED,vulnerability predicate still true after remediation
K-03,K_WRONG_VULN_MATCH,TARGET_STATE,REMEDIATION_FAILED,VERIFIED_REMEDIATED,FALSE_SAFE,TARGET_STATE_APPLIED,vulnerability predicate still true after remediation
L-02,L_EVIDENCE_MISSING,TARGET_STATE,INSUFFICIENT_EVIDENCE,VERIFIED_REMEDIATED,FALSE_SAFE,TARGET_STATE_APPLIED,required evidence unavailable: SMOKE_TEST
L-03,L_EVIDENCE_MISSING,TARGET_STATE,INSUFFICIENT_EVIDENCE,VERIFIED_REMEDIATED,FALSE_SAFE,TARGET_STATE_APPLIED,required evidence unavailable: FLEET_COVERAGE
E-04,E_SIDE_BY_SIDE,INDEPENDENT_VERIFIER,REMEDIATION_FAILED,VERIFIED_REMEDIATED,FALSE_SAFE,VULNERABILITY_PREDICATE_FALSE|PERSISTENT_ACROSS_REBOOT_PROJECTION|NO_REGRESSION_DETECTED|NO_NEW_RISK_DETECTED|ROLLOUT_COMPLETE|TARGET_STATE_APPLIED,vulnerability predicate still true after remediation
I-03,I_NEW_RISK,INDEPENDENT_VERIFIER,NEW_SECURITY_RISK,VERIFIED_REMEDIATED,FALSE_SAFE,VULNERABILITY_PREDICATE_FALSE|PERSISTENT_ACROSS_REBOOT_PROJECTION|NO_REGRESSION_DETECTED|NO_NEW_RISK_DETECTED|ROLLOUT_COMPLETE|TARGET_STATE_APPLIED,remediation resolved the target condition but introduced LOCAL_ADMIN_ADDED on device 0
K-03,K_WRONG_VULN_MATCH,INDEPENDENT_VERIFIER,REMEDIATION_FAILED,VERIFIED_REMEDIATED,FALSE_SAFE,VULNERABILITY_PREDICATE_FALSE|PERSISTENT_ACROSS_REBOOT_PROJECTION|NO_REGRESSION_DETECTED|NO_NEW_RISK_DETECTED|ROLLOUT_COMPLETE|TARGET_STATE_APPLIED,vulnerability predicate still true after remediation
