case_id,category,truth,arm,predicted,correct,false_safe,confidence,latency_ms,reason_codes
A-01,A_GENUINE_SUCCESS,VERIFIED_REMEDIATED,STATUS_ONLY,VERIFIED_REMEDIATED,1,0,0.95,0.0207,EXIT_CODE_ZERO|DEPLOYMENT_REPORTED_SUCCESS
A-02,A_GENUINE_SUCCESS,VERIFIED_REMEDIATED,STATUS_ONLY,VERIFIED_REMEDIATED,1,0,0.95,0.0063,EXIT_CODE_ZERO|DEPLOYMENT_REPORTED_SUCCESS
A-03,A_GENUINE_SUCCESS,VERIFIED_REMEDIATED,STATUS_ONLY,VERIFIED_REMEDIATED,1,0,0.95,0.0054,EXIT_CODE_ZERO|DEPLOYMENT_REPORTED_SUCCESS
A-04,A_GENUINE_SUCCESS,VERIFIED_REMEDIATED,STATUS_ONLY,VERIFIED_REMEDIATED,1,0,0.95,0.0048,EXIT_CODE_ZERO|DEPLOYMENT_REPORTED_SUCCESS
A-05,A_GENUINE_SUCCESS,VERIFIED_REMEDIATED,STATUS_ONLY,VERIFIED_REMEDIATED,1,0,0.95,0.0049,EXIT_CODE_ZERO|DEPLOYMENT_REPORTED_SUCCESS
A-06,A_GENUINE_SUCCESS,VERIFIED_REMEDIATED,STATUS_ONLY,VERIFIED_REMEDIATED,1,0,0.95,0.0047,EXIT_CODE_ZERO|DEPLOYMENT_REPORTED_SUCCESS
A-07,A_GENUINE_SUCCESS,VERIFIED_REMEDIATED,STATUS_ONLY,VERIFIED_REMEDIATED,1,0,0.95,0.0068,EXIT_CODE_ZERO|DEPLOYMENT_REPORTED_SUCCESS
A-08,A_GENUINE_SUCCESS,VERIFIED_REMEDIATED,STATUS_ONLY,REMEDIATION_FAILED,0,0,0.9,0.0096,NONZERO_EXIT_CODE|EXECUTION_STATUS_NOT_SUCCESS|DEPLOYMENT_STATUS_NOT_SUCCESS
B-01,B_EXIT0_NO_CHANGE,REMEDIATION_FAILED,STATUS_ONLY,VERIFIED_REMEDIATED,0,1,0.95,0.0043,EXIT_CODE_ZERO|DEPLOYMENT_REPORTED_SUCCESS
B-02,B_EXIT0_NO_CHANGE,REMEDIATION_FAILED,STATUS_ONLY,VERIFIED_REMEDIATED,0,1,0.95,0.0042,EXIT_CODE_ZERO|DEPLOYMENT_REPORTED_SUCCESS
B-03,B_EXIT0_NO_CHANGE,REMEDIATION_FAILED,STATUS_ONLY,VERIFIED_REMEDIATED,0,1,0.95,0.0038,EXIT_CODE_ZERO|DEPLOYMENT_REPORTED_SUCCESS
B-04,B_EXIT0_NO_CHANGE,REMEDIATION_FAILED,STATUS_ONLY,VERIFIED_REMEDIATED,0,1,0.95,0.0043,EXIT_CODE_ZERO|DEPLOYMENT_REPORTED_SUCCESS
C-01,C_WRONG_TARGET,REMEDIATION_FAILED,STATUS_ONLY,VERIFIED_REMEDIATED,0,1,0.95,0.0037,EXIT_CODE_ZERO|DEPLOYMENT_REPORTED_SUCCESS
C-02,C_WRONG_TARGET,REMEDIATION_FAILED,STATUS_ONLY,VERIFIED_REMEDIATED,0,1,0.95,0.0038,EXIT_CODE_ZERO|DEPLOYMENT_REPORTED_SUCCESS
C-03,C_WRONG_TARGET,REMEDIATION_FAILED,STATUS_ONLY,VERIFIED_REMEDIATED,0,1,0.95,0.0037,EXIT_CODE_ZERO|DEPLOYMENT_REPORTED_SUCCESS
C-04,C_WRONG_TARGET,REMEDIATION_FAILED,STATUS_ONLY,VERIFIED_REMEDIATED,0,1,0.95,0.0034,EXIT_CODE_ZERO|DEPLOYMENT_REPORTED_SUCCESS
D-01,D_TEMPORARY,REMEDIATION_FAILED,STATUS_ONLY,VERIFIED_REMEDIATED,0,1,0.95,0.0032,EXIT_CODE_ZERO|DEPLOYMENT_REPORTED_SUCCESS
D-02,D_TEMPORARY,REMEDIATION_FAILED,STATUS_ONLY,VERIFIED_REMEDIATED,0,1,0.95,0.0031,EXIT_CODE_ZERO|DEPLOYMENT_REPORTED_SUCCESS
D-03,D_TEMPORARY,REMEDIATION_FAILED,STATUS_ONLY,VERIFIED_REMEDIATED,0,1,0.95,0.0038,EXIT_CODE_ZERO|DEPLOYMENT_REPORTED_SUCCESS
D-04,D_TEMPORARY,REMEDIATION_FAILED,STATUS_ONLY,VERIFIED_REMEDIATED,0,1,0.95,0.0034,EXIT_CODE_ZERO|DEPLOYMENT_REPORTED_SUCCESS
E-01,E_SIDE_BY_SIDE,REMEDIATION_FAILED,STATUS_ONLY,VERIFIED_REMEDIATED,0,1,0.95,0.0032,EXIT_CODE_ZERO|DEPLOYMENT_REPORTED_SUCCESS
E-02,E_SIDE_BY_SIDE,REMEDIATION_FAILED,STATUS_ONLY,VERIFIED_REMEDIATED,0,1,0.95,0.0034,EXIT_CODE_ZERO|DEPLOYMENT_REPORTED_SUCCESS
E-03,E_SIDE_BY_SIDE,REMEDIATION_FAILED,STATUS_ONLY,VERIFIED_REMEDIATED,0,1,0.95,0.0039,EXIT_CODE_ZERO|DEPLOYMENT_REPORTED_SUCCESS
E-04,E_SIDE_BY_SIDE,REMEDIATION_FAILED,STATUS_ONLY,VERIFIED_REMEDIATED,0,1,0.95,0.0037,EXIT_CODE_ZERO|DEPLOYMENT_REPORTED_SUCCESS
F-01,F_PARTIAL,PARTIALLY_REMEDIATED,STATUS_ONLY,VERIFIED_REMEDIATED,0,1,0.95,0.0037,EXIT_CODE_ZERO|DEPLOYMENT_REPORTED_SUCCESS
F-02,F_PARTIAL,PARTIALLY_REMEDIATED,STATUS_ONLY,VERIFIED_REMEDIATED,0,1,0.95,0.0036,EXIT_CODE_ZERO|DEPLOYMENT_REPORTED_SUCCESS
F-03,F_PARTIAL,PARTIALLY_REMEDIATED,STATUS_ONLY,REMEDIATION_FAILED,0,0,0.9,0.0039,NONZERO_EXIT_CODE|EXECUTION_STATUS_NOT_SUCCESS|DEPLOYMENT_STATUS_NOT_SUCCESS
F-04,F_PARTIAL,PARTIALLY_REMEDIATED,STATUS_ONLY,REMEDIATION_FAILED,0,0,0.9,0.0036,NONZERO_EXIT_CODE|EXECUTION_STATUS_NOT_SUCCESS|DEPLOYMENT_STATUS_NOT_SUCCESS
G-01,G_FLEET_PARTIAL,PARTIALLY_REMEDIATED,STATUS_ONLY,VERIFIED_REMEDIATED,0,1,0.95,0.0053,EXIT_CODE_ZERO|DEPLOYMENT_REPORTED_SUCCESS
G-02,G_FLEET_PARTIAL,PARTIALLY_REMEDIATED,STATUS_ONLY,VERIFIED_REMEDIATED,0,1,0.95,0.0039,EXIT_CODE_ZERO|DEPLOYMENT_REPORTED_SUCCESS
G-03,G_FLEET_PARTIAL,PARTIALLY_REMEDIATED,STATUS_ONLY,VERIFIED_REMEDIATED,0,1,0.95,0.0055,EXIT_CODE_ZERO|DEPLOYMENT_REPORTED_SUCCESS
G-04,G_FLEET_PARTIAL,PARTIALLY_REMEDIATED,STATUS_ONLY,VERIFIED_REMEDIATED,0,1,0.95,0.0045,EXIT_CODE_ZERO|DEPLOYMENT_REPORTED_SUCCESS
H-01,H_REGRESSION,REGRESSION_INTRODUCED,STATUS_ONLY,VERIFIED_REMEDIATED,0,1,0.95,0.0054,EXIT_CODE_ZERO|DEPLOYMENT_REPORTED_SUCCESS
H-02,H_REGRESSION,REGRESSION_INTRODUCED,STATUS_ONLY,VERIFIED_REMEDIATED,0,1,0.95,0.0044,EXIT_CODE_ZERO|DEPLOYMENT_REPORTED_SUCCESS
H-03,H_REGRESSION,REGRESSION_INTRODUCED,STATUS_ONLY,VERIFIED_REMEDIATED,0,1,0.95,0.0037,EXIT_CODE_ZERO|DEPLOYMENT_REPORTED_SUCCESS
H-04,H_REGRESSION,REGRESSION_INTRODUCED,STATUS_ONLY,VERIFIED_REMEDIATED,0,1,0.95,0.004,EXIT_CODE_ZERO|DEPLOYMENT_REPORTED_SUCCESS
I-01,I_NEW_RISK,NEW_SECURITY_RISK,STATUS_ONLY,VERIFIED_REMEDIATED,0,1,0.95,0.004,EXIT_CODE_ZERO|DEPLOYMENT_REPORTED_SUCCESS
I-02,I_NEW_RISK,NEW_SECURITY_RISK,STATUS_ONLY,VERIFIED_REMEDIATED,0,1,0.95,0.0035,EXIT_CODE_ZERO|DEPLOYMENT_REPORTED_SUCCESS
I-03,I_NEW_RISK,NEW_SECURITY_RISK,STATUS_ONLY,VERIFIED_REMEDIATED,0,1,0.95,0.003,EXIT_CODE_ZERO|DEPLOYMENT_REPORTED_SUCCESS
J-01,J_REBOOT_REQUIRED,PARTIALLY_REMEDIATED,STATUS_ONLY,VERIFIED_REMEDIATED,0,1,0.95,0.0037,EXIT_CODE_ZERO|DEPLOYMENT_REPORTED_SUCCESS
J-02,J_REBOOT_REQUIRED,PARTIALLY_REMEDIATED,STATUS_ONLY,VERIFIED_REMEDIATED,0,1,0.95,0.0035,EXIT_CODE_ZERO|DEPLOYMENT_REPORTED_SUCCESS
J-03,J_REBOOT_REQUIRED,PARTIALLY_REMEDIATED,STATUS_ONLY,VERIFIED_REMEDIATED,0,1,0.95,0.0038,EXIT_CODE_ZERO|DEPLOYMENT_REPORTED_SUCCESS
K-01,K_WRONG_VULN_MATCH,REMEDIATION_FAILED,STATUS_ONLY,VERIFIED_REMEDIATED,0,1,0.95,0.0036,EXIT_CODE_ZERO|DEPLOYMENT_REPORTED_SUCCESS
K-02,K_WRONG_VULN_MATCH,REMEDIATION_FAILED,STATUS_ONLY,VERIFIED_REMEDIATED,0,1,0.95,0.0035,EXIT_CODE_ZERO|DEPLOYMENT_REPORTED_SUCCESS
K-03,K_WRONG_VULN_MATCH,REMEDIATION_FAILED,STATUS_ONLY,VERIFIED_REMEDIATED,0,1,0.95,0.0038,EXIT_CODE_ZERO|DEPLOYMENT_REPORTED_SUCCESS
L-01,L_EVIDENCE_MISSING,INSUFFICIENT_EVIDENCE,STATUS_ONLY,VERIFIED_REMEDIATED,0,1,0.95,0.0033,EXIT_CODE_ZERO|DEPLOYMENT_REPORTED_SUCCESS
L-02,L_EVIDENCE_MISSING,INSUFFICIENT_EVIDENCE,STATUS_ONLY,VERIFIED_REMEDIATED,0,1,0.95,0.0037,EXIT_CODE_ZERO|DEPLOYMENT_REPORTED_SUCCESS
L-03,L_EVIDENCE_MISSING,INSUFFICIENT_EVIDENCE,STATUS_ONLY,VERIFIED_REMEDIATED,0,1,0.95,0.0068,EXIT_CODE_ZERO|DEPLOYMENT_REPORTED_SUCCESS
A-01,A_GENUINE_SUCCESS,VERIFIED_REMEDIATED,TARGET_STATE,VERIFIED_REMEDIATED,1,0,0.85,0.1422,TARGET_STATE_APPLIED
A-02,A_GENUINE_SUCCESS,VERIFIED_REMEDIATED,TARGET_STATE,VERIFIED_REMEDIATED,1,0,0.85,0.0441,TARGET_STATE_APPLIED
A-03,A_GENUINE_SUCCESS,VERIFIED_REMEDIATED,TARGET_STATE,VERIFIED_REMEDIATED,1,0,0.85,0.0486,TARGET_STATE_APPLIED
A-04,A_GENUINE_SUCCESS,VERIFIED_REMEDIATED,TARGET_STATE,VERIFIED_REMEDIATED,1,0,0.85,0.0441,TARGET_STATE_APPLIED
A-05,A_GENUINE_SUCCESS,VERIFIED_REMEDIATED,TARGET_STATE,VERIFIED_REMEDIATED,1,0,0.85,0.075,TARGET_STATE_APPLIED
A-06,A_GENUINE_SUCCESS,VERIFIED_REMEDIATED,TARGET_STATE,VERIFIED_REMEDIATED,1,0,0.85,0.0787,TARGET_STATE_APPLIED
A-07,A_GENUINE_SUCCESS,VERIFIED_REMEDIATED,TARGET_STATE,VERIFIED_REMEDIATED,1,0,0.85,0.3343,TARGET_STATE_APPLIED
A-08,A_GENUINE_SUCCESS,VERIFIED_REMEDIATED,TARGET_STATE,VERIFIED_REMEDIATED,1,0,0.85,0.0787,TARGET_STATE_APPLIED
B-01,B_EXIT0_NO_CHANGE,REMEDIATION_FAILED,TARGET_STATE,REMEDIATION_FAILED,1,0,0.9,0.0668,TARGET_STATE_NOT_APPLIED
B-02,B_EXIT0_NO_CHANGE,REMEDIATION_FAILED,TARGET_STATE,REMEDIATION_FAILED,1,0,0.9,0.0418,TARGET_STATE_NOT_APPLIED
B-03,B_EXIT0_NO_CHANGE,REMEDIATION_FAILED,TARGET_STATE,REMEDIATION_FAILED,1,0,0.9,0.0424,TARGET_STATE_NOT_APPLIED
B-04,B_EXIT0_NO_CHANGE,REMEDIATION_FAILED,TARGET_STATE,REMEDIATION_FAILED,1,0,0.9,0.042,TARGET_STATE_NOT_APPLIED
C-01,C_WRONG_TARGET,REMEDIATION_FAILED,TARGET_STATE,VERIFIED_REMEDIATED,0,1,0.85,0.0705,TARGET_STATE_APPLIED
C-02,C_WRONG_TARGET,REMEDIATION_FAILED,TARGET_STATE,VERIFIED_REMEDIATED,0,1,0.85,0.0437,TARGET_STATE_APPLIED
C-03,C_WRONG_TARGET,REMEDIATION_FAILED,TARGET_STATE,VERIFIED_REMEDIATED,0,1,0.85,0.0452,TARGET_STATE_APPLIED
C-04,C_WRONG_TARGET,REMEDIATION_FAILED,TARGET_STATE,VERIFIED_REMEDIATED,0,1,0.85,0.0453,TARGET_STATE_APPLIED
D-01,D_TEMPORARY,REMEDIATION_FAILED,TARGET_STATE,VERIFIED_REMEDIATED,0,1,0.85,0.0415,TARGET_STATE_APPLIED
D-02,D_TEMPORARY,REMEDIATION_FAILED,TARGET_STATE,VERIFIED_REMEDIATED,0,1,0.85,0.0465,TARGET_STATE_APPLIED
D-03,D_TEMPORARY,REMEDIATION_FAILED,TARGET_STATE,VERIFIED_REMEDIATED,0,1,0.85,0.0408,TARGET_STATE_APPLIED
D-04,D_TEMPORARY,REMEDIATION_FAILED,TARGET_STATE,VERIFIED_REMEDIATED,0,1,0.85,0.0425,TARGET_STATE_APPLIED
E-01,E_SIDE_BY_SIDE,REMEDIATION_FAILED,TARGET_STATE,VERIFIED_REMEDIATED,0,1,0.85,0.041,TARGET_STATE_APPLIED
E-02,E_SIDE_BY_SIDE,REMEDIATION_FAILED,TARGET_STATE,VERIFIED_REMEDIATED,0,1,0.85,0.0427,TARGET_STATE_APPLIED
E-03,E_SIDE_BY_SIDE,REMEDIATION_FAILED,TARGET_STATE,VERIFIED_REMEDIATED,0,1,0.85,0.0417,TARGET_STATE_APPLIED
E-04,E_SIDE_BY_SIDE,REMEDIATION_FAILED,TARGET_STATE,VERIFIED_REMEDIATED,0,1,0.85,0.0433,TARGET_STATE_APPLIED
F-01,F_PARTIAL,PARTIALLY_REMEDIATED,TARGET_STATE,VERIFIED_REMEDIATED,0,1,0.85,0.0423,TARGET_STATE_APPLIED
F-02,F_PARTIAL,PARTIALLY_REMEDIATED,TARGET_STATE,VERIFIED_REMEDIATED,0,1,0.85,0.045,TARGET_STATE_APPLIED
F-03,F_PARTIAL,PARTIALLY_REMEDIATED,TARGET_STATE,VERIFIED_REMEDIATED,0,1,0.85,0.0444,TARGET_STATE_APPLIED
F-04,F_PARTIAL,PARTIALLY_REMEDIATED,TARGET_STATE,VERIFIED_REMEDIATED,0,1,0.85,0.0444,TARGET_STATE_APPLIED
G-01,G_FLEET_PARTIAL,PARTIALLY_REMEDIATED,TARGET_STATE,VERIFIED_REMEDIATED,0,1,0.85,0.2926,TARGET_STATE_APPLIED
G-02,G_FLEET_PARTIAL,PARTIALLY_REMEDIATED,TARGET_STATE,VERIFIED_REMEDIATED,0,1,0.85,0.292,TARGET_STATE_APPLIED
G-03,G_FLEET_PARTIAL,PARTIALLY_REMEDIATED,TARGET_STATE,PARTIALLY_REMEDIATED,1,0,0.75,0.3311,TARGET_STATE_PARTIALLY_APPLIED
G-04,G_FLEET_PARTIAL,PARTIALLY_REMEDIATED,TARGET_STATE,VERIFIED_REMEDIATED,0,1,0.85,0.313,TARGET_STATE_APPLIED
H-01,H_REGRESSION,REGRESSION_INTRODUCED,TARGET_STATE,VERIFIED_REMEDIATED,0,1,0.85,0.0447,TARGET_STATE_APPLIED
H-02,H_REGRESSION,REGRESSION_INTRODUCED,TARGET_STATE,VERIFIED_REMEDIATED,0,1,0.85,0.0433,TARGET_STATE_APPLIED
H-03,H_REGRESSION,REGRESSION_INTRODUCED,TARGET_STATE,VERIFIED_REMEDIATED,0,1,0.85,0.0485,TARGET_STATE_APPLIED
H-04,H_REGRESSION,REGRESSION_INTRODUCED,TARGET_STATE,VERIFIED_REMEDIATED,0,1,0.85,0.0677,TARGET_STATE_APPLIED
I-01,I_NEW_RISK,NEW_SECURITY_RISK,TARGET_STATE,VERIFIED_REMEDIATED,0,1,0.85,0.0408,TARGET_STATE_APPLIED
I-02,I_NEW_RISK,NEW_SECURITY_RISK,TARGET_STATE,VERIFIED_REMEDIATED,0,1,0.85,0.0412,TARGET_STATE_APPLIED
I-03,I_NEW_RISK,NEW_SECURITY_RISK,TARGET_STATE,VERIFIED_REMEDIATED,0,1,0.85,0.0484,TARGET_STATE_APPLIED
J-01,J_REBOOT_REQUIRED,PARTIALLY_REMEDIATED,TARGET_STATE,VERIFIED_REMEDIATED,0,1,0.85,0.0502,TARGET_STATE_APPLIED
J-02,J_REBOOT_REQUIRED,PARTIALLY_REMEDIATED,TARGET_STATE,VERIFIED_REMEDIATED,0,1,0.85,0.0413,TARGET_STATE_APPLIED
J-03,J_REBOOT_REQUIRED,PARTIALLY_REMEDIATED,TARGET_STATE,VERIFIED_REMEDIATED,0,1,0.85,0.0466,TARGET_STATE_APPLIED
K-01,K_WRONG_VULN_MATCH,REMEDIATION_FAILED,TARGET_STATE,VERIFIED_REMEDIATED,0,1,0.85,0.0465,TARGET_STATE_APPLIED
K-02,K_WRONG_VULN_MATCH,REMEDIATION_FAILED,TARGET_STATE,VERIFIED_REMEDIATED,0,1,0.85,0.0447,TARGET_STATE_APPLIED
K-03,K_WRONG_VULN_MATCH,REMEDIATION_FAILED,TARGET_STATE,VERIFIED_REMEDIATED,0,1,0.85,0.0408,TARGET_STATE_APPLIED
L-01,L_EVIDENCE_MISSING,INSUFFICIENT_EVIDENCE,TARGET_STATE,INSUFFICIENT_EVIDENCE,1,0,0.6,0.0421,TARGET_STATE_EVIDENCE_UNAVAILABLE
L-02,L_EVIDENCE_MISSING,INSUFFICIENT_EVIDENCE,TARGET_STATE,VERIFIED_REMEDIATED,0,1,0.85,0.0427,TARGET_STATE_APPLIED
L-03,L_EVIDENCE_MISSING,INSUFFICIENT_EVIDENCE,TARGET_STATE,VERIFIED_REMEDIATED,0,1,0.85,0.2731,TARGET_STATE_APPLIED
A-01,A_GENUINE_SUCCESS,VERIFIED_REMEDIATED,INDEPENDENT_VERIFIER,VERIFIED_REMEDIATED,1,0,0.94,1.262,VULNERABILITY_PREDICATE_FALSE|PERSISTENT_ACROSS_REBOOT_PROJECTION|NO_REGRESSION_DETECTED|NO_NEW_RISK_DETECTED|ROLLOUT_COMPLETE|TARGET_STATE_APPLIED
A-02,A_GENUINE_SUCCESS,VERIFIED_REMEDIATED,INDEPENDENT_VERIFIER,VERIFIED_REMEDIATED,1,0,0.94,1.0397,VULNERABILITY_PREDICATE_FALSE|PERSISTENT_ACROSS_REBOOT_PROJECTION|NO_REGRESSION_DETECTED|NO_NEW_RISK_DETECTED|ROLLOUT_COMPLETE|TARGET_STATE_APPLIED
A-03,A_GENUINE_SUCCESS,VERIFIED_REMEDIATED,INDEPENDENT_VERIFIER,VERIFIED_REMEDIATED,1,0,0.94,1.068,VULNERABILITY_PREDICATE_FALSE|PERSISTENT_ACROSS_REBOOT_PROJECTION|NO_REGRESSION_DETECTED|NO_NEW_RISK_DETECTED|ROLLOUT_COMPLETE|TARGET_STATE_APPLIED
A-04,A_GENUINE_SUCCESS,VERIFIED_REMEDIATED,INDEPENDENT_VERIFIER,VERIFIED_REMEDIATED,1,0,0.94,1.1126,VULNERABILITY_PREDICATE_FALSE|PERSISTENT_ACROSS_REBOOT_PROJECTION|NO_REGRESSION_DETECTED|NO_NEW_RISK_DETECTED|ROLLOUT_COMPLETE|TARGET_STATE_APPLIED
A-05,A_GENUINE_SUCCESS,VERIFIED_REMEDIATED,INDEPENDENT_VERIFIER,VERIFIED_REMEDIATED,1,0,0.94,1.1108,VULNERABILITY_PREDICATE_FALSE|PERSISTENT_ACROSS_REBOOT_PROJECTION|NO_REGRESSION_DETECTED|NO_NEW_RISK_DETECTED|ROLLOUT_COMPLETE|TARGET_STATE_APPLIED
A-06,A_GENUINE_SUCCESS,VERIFIED_REMEDIATED,INDEPENDENT_VERIFIER,VERIFIED_REMEDIATED,1,0,0.94,1.2242,VULNERABILITY_PREDICATE_FALSE|PERSISTENT_ACROSS_REBOOT_PROJECTION|NO_REGRESSION_DETECTED|NO_NEW_RISK_DETECTED|ROLLOUT_COMPLETE|TARGET_STATE_APPLIED
A-07,A_GENUINE_SUCCESS,VERIFIED_REMEDIATED,INDEPENDENT_VERIFIER,VERIFIED_REMEDIATED,1,0,0.94,11.0649,VULNERABILITY_PREDICATE_FALSE|PERSISTENT_ACROSS_REBOOT_PROJECTION|NO_REGRESSION_DETECTED|NO_NEW_RISK_DETECTED|ROLLOUT_COMPLETE|TARGET_STATE_APPLIED
A-08,A_GENUINE_SUCCESS,VERIFIED_REMEDIATED,INDEPENDENT_VERIFIER,VERIFIED_REMEDIATED,1,0,0.94,1.1761,VULNERABILITY_PREDICATE_FALSE|PERSISTENT_ACROSS_REBOOT_PROJECTION|NO_REGRESSION_DETECTED|NO_NEW_RISK_DETECTED|ROLLOUT_COMPLETE|TARGET_STATE_APPLIED
B-01,B_EXIT0_NO_CHANGE,REMEDIATION_FAILED,INDEPENDENT_VERIFIER,REMEDIATION_FAILED,1,0,0.96,1.2032,VULNERABILITY_PREDICATE_STILL_TRUE
B-02,B_EXIT0_NO_CHANGE,REMEDIATION_FAILED,INDEPENDENT_VERIFIER,REMEDIATION_FAILED,1,0,0.96,1.0874,VULNERABILITY_PREDICATE_STILL_TRUE
B-03,B_EXIT0_NO_CHANGE,REMEDIATION_FAILED,INDEPENDENT_VERIFIER,REMEDIATION_FAILED,1,0,0.96,1.1689,VULNERABILITY_PREDICATE_STILL_TRUE
B-04,B_EXIT0_NO_CHANGE,REMEDIATION_FAILED,INDEPENDENT_VERIFIER,REMEDIATION_FAILED,1,0,0.96,1.1663,VULNERABILITY_PREDICATE_STILL_TRUE
C-01,C_WRONG_TARGET,REMEDIATION_FAILED,INDEPENDENT_VERIFIER,REMEDIATION_FAILED,1,0,0.96,1.0636,VULNERABILITY_PREDICATE_STILL_TRUE|TARGET_STATE_APPLIED_BUT_STILL_VULNERABLE
C-02,C_WRONG_TARGET,REMEDIATION_FAILED,INDEPENDENT_VERIFIER,REMEDIATION_FAILED,1,0,0.96,1.1533,VULNERABILITY_PREDICATE_STILL_TRUE|TARGET_STATE_APPLIED_BUT_STILL_VULNERABLE
C-03,C_WRONG_TARGET,REMEDIATION_FAILED,INDEPENDENT_VERIFIER,REMEDIATION_FAILED,1,0,0.96,1.1603,VULNERABILITY_PREDICATE_STILL_TRUE|TARGET_STATE_APPLIED_BUT_STILL_VULNERABLE
C-04,C_WRONG_TARGET,REMEDIATION_FAILED,INDEPENDENT_VERIFIER,REMEDIATION_FAILED,1,0,0.96,1.0813,VULNERABILITY_PREDICATE_STILL_TRUE|TARGET_STATE_APPLIED_BUT_STILL_VULNERABLE
D-01,D_TEMPORARY,REMEDIATION_FAILED,INDEPENDENT_VERIFIER,REMEDIATION_FAILED,1,0,0.93,1.0149,VULNERABILITY_PREDICATE_STILL_TRUE|TARGET_STATE_APPLIED_BUT_STILL_VULNERABLE|REMEDIATION_NOT_PERSISTENT_ACROSS_REBOOT
D-02,D_TEMPORARY,REMEDIATION_FAILED,INDEPENDENT_VERIFIER,REMEDIATION_FAILED,1,0,0.93,1.1419,VULNERABILITY_PREDICATE_STILL_TRUE|TARGET_STATE_APPLIED_BUT_STILL_VULNERABLE|REMEDIATION_NOT_PERSISTENT_ACROSS_REBOOT
D-03,D_TEMPORARY,REMEDIATION_FAILED,INDEPENDENT_VERIFIER,REMEDIATION_FAILED,1,0,0.93,0.9617,VULNERABILITY_PREDICATE_STILL_TRUE|TARGET_STATE_APPLIED_BUT_STILL_VULNERABLE|REMEDIATION_NOT_PERSISTENT_ACROSS_REBOOT
D-04,D_TEMPORARY,REMEDIATION_FAILED,INDEPENDENT_VERIFIER,REMEDIATION_FAILED,1,0,0.93,1.0184,VULNERABILITY_PREDICATE_STILL_TRUE|TARGET_STATE_APPLIED_BUT_STILL_VULNERABLE|REMEDIATION_NOT_PERSISTENT_ACROSS_REBOOT
E-01,E_SIDE_BY_SIDE,REMEDIATION_FAILED,INDEPENDENT_VERIFIER,REMEDIATION_FAILED,1,0,0.96,1.0148,VULNERABILITY_PREDICATE_STILL_TRUE|VULNERABLE_DUPLICATE_INSTALL_PRESENT|TARGET_STATE_APPLIED_BUT_STILL_VULNERABLE
E-02,E_SIDE_BY_SIDE,REMEDIATION_FAILED,INDEPENDENT_VERIFIER,REMEDIATION_FAILED,1,0,0.96,1.2545,VULNERABILITY_PREDICATE_STILL_TRUE|TARGET_STATE_APPLIED_BUT_STILL_VULNERABLE
E-03,E_SIDE_BY_SIDE,REMEDIATION_FAILED,INDEPENDENT_VERIFIER,REMEDIATION_FAILED,1,0,0.96,1.131,VULNERABILITY_PREDICATE_STILL_TRUE|VULNERABLE_DUPLICATE_INSTALL_PRESENT|TARGET_STATE_APPLIED_BUT_STILL_VULNERABLE
E-04,E_SIDE_BY_SIDE,REMEDIATION_FAILED,INDEPENDENT_VERIFIER,VERIFIED_REMEDIATED,0,1,0.94,1.1698,VULNERABILITY_PREDICATE_FALSE|PERSISTENT_ACROSS_REBOOT_PROJECTION|NO_REGRESSION_DETECTED|NO_NEW_RISK_DETECTED|ROLLOUT_COMPLETE|TARGET_STATE_APPLIED
F-01,F_PARTIAL,PARTIALLY_REMEDIATED,INDEPENDENT_VERIFIER,PARTIALLY_REMEDIATED,1,0,0.9,1.401,VULNERABILITY_PREDICATE_STILL_TRUE|TARGET_STATE_APPLIED_BUT_STILL_VULNERABLE|COMPOSITE_PREDICATE_PARTIALLY_REMEDIATED
F-02,F_PARTIAL,PARTIALLY_REMEDIATED,INDEPENDENT_VERIFIER,PARTIALLY_REMEDIATED,1,0,0.9,1.3651,VULNERABILITY_PREDICATE_STILL_TRUE|TARGET_STATE_APPLIED_BUT_STILL_VULNERABLE|COMPOSITE_PREDICATE_PARTIALLY_REMEDIATED
F-03,F_PARTIAL,PARTIALLY_REMEDIATED,INDEPENDENT_VERIFIER,PARTIALLY_REMEDIATED,1,0,0.9,1.2785,VULNERABILITY_PREDICATE_STILL_TRUE|TARGET_STATE_APPLIED_BUT_STILL_VULNERABLE|COMPOSITE_PREDICATE_PARTIALLY_REMEDIATED
F-04,F_PARTIAL,PARTIALLY_REMEDIATED,INDEPENDENT_VERIFIER,PARTIALLY_REMEDIATED,1,0,0.9,1.5492,VULNERABILITY_PREDICATE_STILL_TRUE|TARGET_STATE_APPLIED_BUT_STILL_VULNERABLE|COMPOSITE_PREDICATE_PARTIALLY_REMEDIATED
G-01,G_FLEET_PARTIAL,PARTIALLY_REMEDIATED,INDEPENDENT_VERIFIER,PARTIALLY_REMEDIATED,1,0,0.9,6.9893,ROLLOUT_INCOMPLETE|DEVICES_TARGETED_EXCEEDS_DEVICES_CONFIRMED
G-02,G_FLEET_PARTIAL,PARTIALLY_REMEDIATED,INDEPENDENT_VERIFIER,PARTIALLY_REMEDIATED,1,0,0.9,8.9482,ROLLOUT_INCOMPLETE|DEVICES_TARGETED_EXCEEDS_DEVICES_CONFIRMED
G-03,G_FLEET_PARTIAL,PARTIALLY_REMEDIATED,INDEPENDENT_VERIFIER,PARTIALLY_REMEDIATED,1,0,0.9,10.347,VULNERABILITY_PREDICATE_STILL_TRUE|FLEET_SUBSET_STILL_VULNERABLE
G-04,G_FLEET_PARTIAL,PARTIALLY_REMEDIATED,INDEPENDENT_VERIFIER,PARTIALLY_REMEDIATED,1,0,0.9,9.8715,VULNERABILITY_PREDICATE_STILL_TRUE|VULNERABLE_DUPLICATE_INSTALL_PRESENT|TARGET_STATE_APPLIED_BUT_STILL_VULNERABLE|FLEET_SUBSET_STILL_VULNERABLE
H-01,H_REGRESSION,REGRESSION_INTRODUCED,INDEPENDENT_VERIFIER,REGRESSION_INTRODUCED,1,0,0.88,1.0788,TARGET_CONDITION_RESOLVED|REQUIRED_SMOKE_TEST_FAILING
H-02,H_REGRESSION,REGRESSION_INTRODUCED,INDEPENDENT_VERIFIER,REGRESSION_INTRODUCED,1,0,0.88,1.2276,TARGET_CONDITION_RESOLVED|REQUIRED_SMOKE_TEST_FAILING
H-03,H_REGRESSION,REGRESSION_INTRODUCED,INDEPENDENT_VERIFIER,REGRESSION_INTRODUCED,1,0,0.88,1.0348,TARGET_CONDITION_RESOLVED|REQUIRED_SMOKE_TEST_FAILING
H-04,H_REGRESSION,REGRESSION_INTRODUCED,INDEPENDENT_VERIFIER,REGRESSION_INTRODUCED,1,0,0.88,1.3839,TARGET_CONDITION_RESOLVED|REQUIRED_SMOKE_TEST_FAILING
I-01,I_NEW_RISK,NEW_SECURITY_RISK,INDEPENDENT_VERIFIER,NEW_SECURITY_RISK,1,0,0.9,0.9863,TARGET_CONDITION_RESOLVED|NEW_UNSAFE_CONFIGURATION_DETECTED
I-02,I_NEW_RISK,NEW_SECURITY_RISK,INDEPENDENT_VERIFIER,NEW_SECURITY_RISK,1,0,0.9,1.0299,TARGET_CONDITION_RESOLVED|NEW_UNSAFE_CONFIGURATION_DETECTED
I-03,I_NEW_RISK,NEW_SECURITY_RISK,INDEPENDENT_VERIFIER,VERIFIED_REMEDIATED,0,1,0.94,1.3654,VULNERABILITY_PREDICATE_FALSE|PERSISTENT_ACROSS_REBOOT_PROJECTION|NO_REGRESSION_DETECTED|NO_NEW_RISK_DETECTED|ROLLOUT_COMPLETE|TARGET_STATE_APPLIED
J-01,J_REBOOT_REQUIRED,PARTIALLY_REMEDIATED,INDEPENDENT_VERIFIER,PARTIALLY_REMEDIATED,1,0,0.9,1.0293,VULNERABILITY_PREDICATE_STILL_TRUE|TARGET_STATE_APPLIED_BUT_STILL_VULNERABLE|REMEDIATION_STAGED_PENDING_REBOOT
J-02,J_REBOOT_REQUIRED,PARTIALLY_REMEDIATED,INDEPENDENT_VERIFIER,PARTIALLY_REMEDIATED,1,0,0.9,1.0536,VULNERABILITY_PREDICATE_STILL_TRUE|TARGET_STATE_APPLIED_BUT_STILL_VULNERABLE|REMEDIATION_STAGED_PENDING_REBOOT
J-03,J_REBOOT_REQUIRED,PARTIALLY_REMEDIATED,INDEPENDENT_VERIFIER,PARTIALLY_REMEDIATED,1,0,0.9,1.1797,VULNERABILITY_PREDICATE_STILL_TRUE|TARGET_STATE_APPLIED_BUT_STILL_VULNERABLE|REMEDIATION_STAGED_PENDING_REBOOT
K-01,K_WRONG_VULN_MATCH,REMEDIATION_FAILED,INDEPENDENT_VERIFIER,REMEDIATION_FAILED,1,0,0.96,1.0642,VULNERABILITY_PREDICATE_STILL_TRUE|TARGET_STATE_APPLIED_BUT_STILL_VULNERABLE
K-02,K_WRONG_VULN_MATCH,REMEDIATION_FAILED,INDEPENDENT_VERIFIER,REMEDIATION_FAILED,1,0,0.96,1.1946,VULNERABILITY_PREDICATE_STILL_TRUE|TARGET_STATE_APPLIED_BUT_STILL_VULNERABLE
K-03,K_WRONG_VULN_MATCH,REMEDIATION_FAILED,INDEPENDENT_VERIFIER,VERIFIED_REMEDIATED,0,1,0.94,0.9802,VULNERABILITY_PREDICATE_FALSE|PERSISTENT_ACROSS_REBOOT_PROJECTION|NO_REGRESSION_DETECTED|NO_NEW_RISK_DETECTED|ROLLOUT_COMPLETE|TARGET_STATE_APPLIED
L-01,L_EVIDENCE_MISSING,INSUFFICIENT_EVIDENCE,INDEPENDENT_VERIFIER,INSUFFICIENT_EVIDENCE,1,0,0.9,0.6676,REQUIRED_EVIDENCE_UNAVAILABLE|MISSING_PACKAGE_STATE
L-02,L_EVIDENCE_MISSING,INSUFFICIENT_EVIDENCE,INDEPENDENT_VERIFIER,INSUFFICIENT_EVIDENCE,1,0,0.9,0.6807,REQUIRED_EVIDENCE_UNAVAILABLE|MISSING_SMOKE_TEST
L-03,L_EVIDENCE_MISSING,INSUFFICIENT_EVIDENCE,INDEPENDENT_VERIFIER,INSUFFICIENT_EVIDENCE,1,0,0.9,4.6885,REQUIRED_EVIDENCE_UNAVAILABLE|MISSING_FLEET_COVERAGE
